Stock,Expiry,Strike,Ask,OpenInterest,Volume,Tags,Action,Score
NVDA,2026-03-20,160.0,24.45,110063,83319,🚬菸屁股 🚀點火(41.6x) 👑超級萬人塚,STRONG_BUY,8
IBIT,2026-03-20,50.0,0.09,62671,32159,🚬菸屁股 🚀點火(33.1x) 👑超級萬人塚,STRONG_BUY,8
NVDA,2027-01-15,290.0,7.2,24665,21408,🔭LEAPS埋伏 🚀點火(310.3x) 🔥萬人塚,STRONG_BUY,8
IBIT,2026-03-20,45.0,0.29,62412,9020,🚬菸屁股 🚀點火(3.6x) 👑超級萬人塚,STRONG_BUY,8
ONDS,2027-01-15,30.0,1.42,25904,4569,🔭LEAPS埋伏 🚀點火(7.5x) 🔥萬人塚,STRONG_BUY,8
OPEN,2027-01-15,10.0,0.84,23093,2579,🔭LEAPS埋伏 🚀點火(3.1x) 🔥萬人塚,STRONG_BUY,8
IBIT,2026-05-15,45.0,1.6,73227,2405,🚬菸屁股 🚀點火(2.2x) 👑超級萬人塚,STRONG_BUY,8
ONDS,2027-01-15,10.0,4.7,21197,2282,🔭LEAPS埋伏 🚀點火(2.2x) 🔥萬人塚,STRONG_BUY,8
ONDS,2027-01-15,15.0,3.3,20474,1040,🔭LEAPS埋伏 🚀點火(2.6x) 🔥萬人塚,STRONG_BUY,8
PLTR,2026-03-06,145.0,3.95,20216,34416,🚬菸屁股 🚀點火(2.1x) 🔥萬人塚,STRONG_BUY,7
TSLA,2026-03-06,650.0,0.01,46552,29476,🚬菸屁股 🆕新開倉點火 🔥萬人塚,STRONG_BUY,7
NVDA,2026-05-15,200.0,7.65,26788,17668,🚬菸屁股 🚀點火(4.1x) 🔥萬人塚,STRONG_BUY,7
PLTR,2026-03-20,150.0,5.2,33250,14119,🚬菸屁股 🚀點火(3.7x) 🔥萬人塚,STRONG_BUY,7
ONDS,2026-03-20,15.0,0.3,28780,13258,🚬菸屁股 🚀點火(11.0x) 🔥萬人塚,STRONG_BUY,7
ONDS,2026-03-20,13.0,0.58,29928,9304,🚬菸屁股 🚀點火(3.8x) 🔥萬人塚,STRONG_BUY,7
IBIT,2026-03-20,41.0,1.11,29151,8982,🚬菸屁股 🚀點火(2.2x) 🔥萬人塚,STRONG_BUY,7
PLTR,2026-03-20,160.0,2.2,30059,8041,🚬菸屁股 🚀點火(5.7x) 🔥萬人塚,STRONG_BUY,7
NVDA,2026-04-17,230.0,0.72,34159,6740,🚬菸屁股 🚀點火(2.0x) 🔥萬人塚,STRONG_BUY,7
NVDA,2026-05-15,230.0,1.97,25317,6632,🚬菸屁股 🚀點火(3.3x) 🔥萬人塚,STRONG_BUY,7
NVDA,2027-01-15,260.0,11.1,15856,4707,🔭LEAPS埋伏 🚀點火(4.8x),STRONG_BUY,7
IBIT,2026-03-20,55.0,0.05,47609,4025,🚬菸屁股 🚀點火(3.1x) 🔥萬人塚,STRONG_BUY,7
SMCI,2027-01-15,40.0,6.25,17298,2680,🔭LEAPS埋伏 🚀點火(2.2x),STRONG_BUY,7
IBIT,2027-01-15,40.0,8.2,12880,2504,🔭LEAPS埋伏 🚀點火(6.0x),STRONG_BUY,7
MSTR,2026-03-20,140.0,8.7,38664,2366,🚬菸屁股 🚀點火(2.3x) 🔥萬人塚,STRONG_BUY,7
ACHR,2026-03-20,9.0,0.21,31450,2328,🚬菸屁股 🚀點火(4.5x) 🔥萬人塚,STRONG_BUY,7
OPEN,2026-05-15,7.0,0.35,20061,1946,🚬菸屁股 🚀點火(5.9x) 🔥萬人塚,STRONG_BUY,7
ONDS,2027-01-15,12.0,4.2,13233,1349,🔭LEAPS埋伏 🚀點火(5.3x),STRONG_BUY,7
ONDS,2028-01-21,20.0,4.7,11356,1278,🔭LEAPS埋伏 🚀點火(4.5x),STRONG_BUY,7
ACHR,2027-01-15,12.0,1.35,13697,1079,🔭LEAPS埋伏 🚀點火(3.3x),STRONG_BUY,7
SMCI,2027-01-15,35.0,7.9,6365,1059,🔭LEAPS埋伏 🚀點火(70.6x),STRONG_BUY,7
SMCI,2027-01-15,45.0,5.1,5615,1043,🔭LEAPS埋伏 🚀點火(26.1x),STRONG_BUY,7
ACHR,2027-01-15,7.0,2.72,18496,909,🔭LEAPS埋伏 🚀點火(3.2x),STRONG_BUY,7
ONDS,2028-01-21,10.0,6.25,7296,889,🔭LEAPS埋伏 🚀點火(5.2x),STRONG_BUY,7
ONDS,2028-01-21,17.0,5.3,8454,604,🔭LEAPS埋伏 🚀點火(2.6x),STRONG_BUY,7
SOFI,2028-06-16,40.0,4.1,4193,583,🔭LEAPS埋伏 🚀點火(2.9x),STRONG_BUY,7
HIMS,2027-01-15,25.0,4.05,3333,486,🔭LEAPS埋伏 🚀點火(8.8x),STRONG_BUY,7
IONQ,2027-01-15,120.0,2.85,3027,439,🔭LEAPS埋伏 🚀點火(16.9x),STRONG_BUY,7
ONDS,2027-01-15,7.5,5.7,12967,404,🔭LEAPS埋伏 🚀點火(3.3x),STRONG_BUY,7
OPEN,2028-01-21,7.0,2.33,9258,378,🔭LEAPS埋伏 🚀點火(3.0x),STRONG_BUY,7
HIMS,2027-01-15,30.0,3.35,3807,369,🔭LEAPS埋伏 🚀點火(3.2x),STRONG_BUY,7
SMCI,2027-01-15,75.0,1.82,18171,360,🔭LEAPS埋伏 🚀點火(90.0x),STRONG_BUY,7
U,2027-01-15,50.0,1.1,2339,340,🔭LEAPS埋伏 🚀點火(14.8x),STRONG_BUY,7
PATH,2026-05-15,20.0,0.2,23449,319,🚬菸屁股 🚀點火(3.7x) 🔥萬人塚,STRONG_BUY,7
NTLA,2027-01-15,12.5,6.8,2052,307,🔭LEAPS埋伏 🚀點火(153.5x),STRONG_BUY,7
ONDS,2026-03-06,12.0,0.23,7258,52213,🚬菸屁股 🚀點火(20.4x),STRONG_BUY,6
ONDS,2026-03-06,11.0,0.51,7673,24476,🚬菸屁股 🚀點火(4.0x),STRONG_BUY,6
ONDS,2026-03-06,11.5,0.36,9110,23489,🚬菸屁股 🚀點火(6.4x),STRONG_BUY,6
ONDS,2026-03-06,12.5,0.16,10191,23150,🚬菸屁股 🚀點火(17.5x),STRONG_BUY,6
ONDS,2026-03-06,13.0,0.11,6599,19333,🚬菸屁股 🚀點火(24.1x),STRONG_BUY,6
SOFI,2026-03-06,19.5,0.18,11202,17510,🚬菸屁股 🚀點火(3.7x),STRONG_BUY,6
HIMS,2026-03-06,17.0,0.45,6248,13541,🚬菸屁股 🚀點火(3.0x),STRONG_BUY,6
COIN,2026-03-20,200.0,6.5,16929,12974,🚬菸屁股 🚀點火(13.4x),STRONG_BUY,6
HIMS,2026-03-06,16.0,0.94,7652,11149,🚬菸屁股 🚀點火(2.4x),STRONG_BUY,6
IREN,2026-03-06,51.0,0.07,1945,10122,🚬菸屁股 🚀點火(14.2x),STRONG_BUY,6
HIMS,2026-03-20,17.0,1.17,10485,9914,🚬菸屁股 🚀點火(14.9x),STRONG_BUY,6
IREN,2026-03-06,50.0,0.1,4727,9259,🚬菸屁股 🚀點火(2.8x),STRONG_BUY,6
ONDS,2026-03-06,15.0,0.03,2414,9227,🚬菸屁股 🚀點火(34.7x),STRONG_BUY,6
ONDS,2026-03-13,12.0,0.6,5987,9167,🚬菸屁股 🆕新開倉點火,STRONG_BUY,6
ONDS,2026-03-06,14.0,0.05,4838,8891,🚬菸屁股 🚀點火(26.4x),STRONG_BUY,6
AMD,2026-03-20,230.0,1.45,19691,8661,🚬菸屁股 🚀點火(2.4x),STRONG_BUY,6
HIMS,2026-03-06,16.5,0.67,3385,8317,🚬菸屁股 🚀點火(6.5x),STRONG_BUY,6
AMD,2026-05-15,200.0,20.65,12495,8210,🚬菸屁股 🚀點火(11.9x),STRONG_BUY,6
ACHR,2026-03-06,8.5,0.16,4505,8010,🚬菸屁股 🚀點火(4.7x),STRONG_BUY,6
HOOD,2026-03-20,85.0,2.49,5617,7681,🚬菸屁股 🚀點火(5.4x),STRONG_BUY,6
SMCI,2026-03-06,34.5,0.24,17572,7568,🚬菸屁股 🚀點火(7.2x),STRONG_BUY,6
ASTS,2026-03-06,100.0,1.98,2959,7420,🚬菸屁股 🚀點火(4.1x),STRONG_BUY,6
ACHR,2026-03-06,9.0,0.09,9474,7357,🚬菸屁股 🚀點火(16.3x),STRONG_BUY,6
HIMS,2026-03-06,17.5,0.31,17406,7202,🚬菸屁股 🚀點火(5.1x),STRONG_BUY,6
SOFI,2026-03-06,21.0,0.03,8030,7140,🚬菸屁股 🚀點火(3.4x),STRONG_BUY,6
ACHR,2026-03-06,8.0,0.28,9051,7105,🚬菸屁股 🚀點火(3.6x),STRONG_BUY,6
IREN,2026-03-06,43.0,1.25,6733,6524,🚬菸屁股 🚀點火(5.4x),STRONG_BUY,6
DKNG,2026-03-20,35.0,0.02,14118,6371,🚬菸屁股 🚀點火(1274.2x),STRONG_BUY,6
SOFI,2026-03-06,17.5,1.18,3623,6069,🚬菸屁股 🆕新開倉點火,STRONG_BUY,6
OKLO,2026-03-06,70.0,1.15,1579,5833,🚬菸屁股 🆕新開倉點火,STRONG_BUY,6
HIMS,2026-03-06,15.0,1.67,2647,5683,🚬菸屁股 🚀點火(2.4x),STRONG_BUY,6
SOFI,2026-03-13,20.0,0.3,4273,5677,🚬菸屁股 🚀點火(3.2x),STRONG_BUY,6
SMCI,2026-03-06,32.5,0.78,17360,5549,🚬菸屁股 🚀點火(3.0x),STRONG_BUY,6
PLTR,2026-03-20,170.0,0.88,11192,5460,🚬菸屁股 🚀點火(3.6x),STRONG_BUY,6
SMCI,2026-03-20,35.0,0.9,16338,5197,🚬菸屁股 🚀點火(3.4x),STRONG_BUY,6
ASTS,2026-03-06,90.0,4.95,1284,5193,🚬菸屁股 🚀點火(3.3x),STRONG_BUY,6
IREN,2026-03-06,47.0,0.31,2053,5161,🚬菸屁股 🚀點火(4.0x),STRONG_BUY,6
RKLB,2026-03-06,75.0,1.63,1686,5022,🚬菸屁股 🚀點火(2.1x),STRONG_BUY,6
OPEN,2026-03-06,6.5,0.02,5323,4989,🚬菸屁股 🚀點火(3.2x),STRONG_BUY,6
ACHR,2026-03-06,7.5,0.48,6399,4915,🚬菸屁股 🚀點火(2.4x),STRONG_BUY,6
IREN,2026-03-06,44.0,0.91,1760,4828,🚬菸屁股 🆕新開倉點火,STRONG_BUY,6
RKLB,2026-03-06,80.0,0.6,1665,4587,🚬菸屁股 🚀點火(2.8x),STRONG_BUY,6
HIMS,2026-03-06,18.0,0.21,6896,4581,🚬菸屁股 🚀點火(4.5x),STRONG_BUY,6
ONDS,2026-03-20,11.0,1.16,13428,4450,🚬菸屁股 🚀點火(2.6x),STRONG_BUY,6
HOOD,2026-03-06,90.0,0.12,6440,4325,🚬菸屁股 🚀點火(2.1x),STRONG_BUY,6
HOOD,2026-03-06,81.0,1.62,3607,4107,🚬菸屁股 🚀點火(3.3x),STRONG_BUY,6
IBIT,2026-03-13,40.0,1.15,14054,3980,🚬菸屁股 🚀點火(2.8x),STRONG_BUY,6
IREN,2026-03-06,42.5,1.49,9135,3957,🚬菸屁股 🆕新開倉點火,STRONG_BUY,6
ASTS,2026-03-20,120.0,1.86,10567,3930,🚬菸屁股 🚀點火(2.8x),STRONG_BUY,6
COIN,2026-03-06,187.5,5.4,11620,3925,🚬菸屁股 🆕新開倉點火,STRONG_BUY,6
LUNR,2026-03-06,18.0,0.95,5076,3859,🚬菸屁股 🚀點火(2.6x),STRONG_BUY,6
AMD,2026-03-06,220.0,0.3,11963,3798,🚬菸屁股 🆕新開倉點火,STRONG_BUY,6
SMCI,2026-05-15,32.0,4.35,3504,3790,🚬菸屁股 🚀點火(10.4x),STRONG_BUY,6
XYZ,2026-03-06,67.0,0.62,2925,3514,🚬菸屁股 🆕新開倉點火,STRONG_BUY,6
RKLB,2026-03-20,90.0,1.19,3683,3466,🚬菸屁股 🚀點火(2.5x),STRONG_BUY,6
CRWV,2026-03-06,80.0,2.75,5092,3448,🚬菸屁股 🆕新開倉點火,STRONG_BUY,6
IREN,2026-03-06,52.0,0.05,2462,3243,🚬菸屁股 🚀點火(5.8x),STRONG_BUY,6
ONDS,2026-03-13,11.5,0.76,2343,3116,🚬菸屁股 🆕新開倉點火,STRONG_BUY,6
JOBY,2026-03-06,11.0,0.14,2576,3051,🚬菸屁股 🚀點火(4.3x),STRONG_BUY,6
ONDS,2026-03-13,14.5,0.2,2552,3035,🚬菸屁股 🆕新開倉點火,STRONG_BUY,6
SMCI,2026-03-20,40.0,0.22,19956,2969,🚬菸屁股 🚀點火(8.9x),STRONG_BUY,6
ASTS,2026-03-06,95.0,3.2,1741,2934,🚬菸屁股 🚀點火(3.3x),STRONG_BUY,6
ONDS,2026-03-13,14.0,0.27,1645,2756,🚬菸屁股 🚀點火(4.8x),STRONG_BUY,6
XYZ,2026-03-06,64.0,1.84,2740,2754,🚬菸屁股 🆕新開倉點火,STRONG_BUY,6
ONDS,2026-03-13,15.0,0.16,3344,2742,🚬菸屁股 🚀點火(29.8x),STRONG_BUY,6
HIMS,2026-03-20,20.0,0.41,9384,2640,🚬菸屁股 🚀點火(2.9x),STRONG_BUY,6
IBIT,2026-05-15,40.0,3.45,17400,2562,🚬菸屁股 🚀點火(3.6x),STRONG_BUY,6
ONDS,2026-03-13,13.0,0.38,2626,2495,🚬菸屁股 🚀點火(2.9x),STRONG_BUY,6
VST,2026-03-20,180.0,3.45,5656,2489,🚬菸屁股 🆕新開倉點火,STRONG_BUY,6
PATH,2026-03-20,15.0,0.14,13957,2476,🚬菸屁股 🚀點火(8.1x),STRONG_BUY,6
SOFI,2026-03-13,18.0,1.13,2837,2416,🚬菸屁股 🆕新開倉點火,STRONG_BUY,6
ACHR,2026-03-06,10.0,0.03,2450,2362,🚬菸屁股 🚀點火(3.5x),STRONG_BUY,6
IONQ,2026-03-06,40.0,0.95,1786,2263,🚬菸屁股 🆕新開倉點火,STRONG_BUY,6
IBIT,2026-05-15,50.0,0.73,17863,2161,🚬菸屁股 🚀點火(2.9x),STRONG_BUY,6
CRWV,2026-03-20,145.0,0.28,4611,2157,🚬菸屁股 🚀點火(5.3x),STRONG_BUY,6
ONDS,2026-03-13,11.0,0.92,2120,2147,🚬菸屁股 🚀點火(3.3x),STRONG_BUY,6
PATH,2026-04-17,11.0,1.25,2402,2091,🚬菸屁股 🆕新開倉點火,STRONG_BUY,6
ACHR,2026-03-20,8.0,0.48,8923,2089,🚬菸屁股 🚀點火(7.9x),STRONG_BUY,6
ONDS,2026-03-20,14.0,0.42,12533,2070,🚬菸屁股 🚀點火(4.9x),STRONG_BUY,6
SMCI,2026-03-13,35.0,0.53,2021,2039,🚬菸屁股 🚀點火(6.1x),STRONG_BUY,6
PATH,2026-08-21,18.0,0.93,15701,2029,🚬菸屁股 🚀點火(96.6x),STRONG_BUY,6
HOOD,2026-03-13,90.0,0.68,1808,1967,🚬菸屁股 🚀點火(2.8x),STRONG_BUY,6
ONDS,2026-04-17,12.0,1.36,2094,1958,🚬菸屁股 🚀點火(2.6x),STRONG_BUY,6
ACHR,2026-03-20,10.0,0.09,8185,1942,🚬菸屁股 🚀點火(2.8x),STRONG_BUY,6
HOOD,2026-03-06,88.0,0.22,2079,1886,🚬菸屁股 🚀點火(7.6x),STRONG_BUY,6
IREN,2026-04-17,60.0,1.45,3211,1847,🚬菸屁股 🚀點火(3.8x),STRONG_BUY,6
JOBY,2026-03-06,10.5,0.29,1642,1847,🚬菸屁股 🆕新開倉點火,STRONG_BUY,6
HIMS,2026-03-06,20.0,0.04,4231,1841,🚬菸屁股 🚀點火(7.5x),STRONG_BUY,6
ACHR,2026-03-20,8.5,0.32,1569,1818,🚬菸屁股 🚀點火(72.7x),STRONG_BUY,6
HIMS,2026-03-20,16.0,1.64,3782,1787,🚬菸屁股 🚀點火(4.2x),STRONG_BUY,6
SMCI,2026-03-20,32.0,2.04,5301,1778,🚬菸屁股 🚀點火(2.6x),STRONG_BUY,6
U,2026-03-20,18.0,1.92,4573,1700,🚬菸屁股 🚀點火(6.1x),STRONG_BUY,6
ONDS,2026-03-20,10.5,1.37,2131,1664,🚬菸屁股 🚀點火(3.8x),STRONG_BUY,6
SOFI,2026-03-13,21.0,0.13,3696,1587,🚬菸屁股 🚀點火(2.0x),STRONG_BUY,6
OPEN,2026-05-15,8.0,0.23,12617,1556,🚬菸屁股 🚀點火(5.4x),STRONG_BUY,6
NNE,2026-04-17,32.0,2.0,3095,1554,🚬菸屁股 🚀點火(172.7x),STRONG_BUY,6
HIMS,2026-03-20,15.0,2.24,8949,1499,🚬菸屁股 🚀點火(2.1x),STRONG_BUY,6
ASTS,2026-03-20,125.0,1.47,2041,1493,🚬菸屁股 🚀點火(14.1x),STRONG_BUY,6
ASTS,2026-03-06,120.0,0.25,1584,1383,🚬菸屁股 🚀點火(9.8x),STRONG_BUY,6
VST,2026-03-20,185.0,2.32,2646,1363,🚬菸屁股 🚀點火(36.8x),STRONG_BUY,6
SMCI,2026-03-20,36.0,0.69,4105,1342,🚬菸屁股 🚀點火(6.3x),STRONG_BUY,6
ONDS,2026-04-17,11.0,1.71,1665,1338,🚬菸屁股 🚀點火(3.0x),STRONG_BUY,6
NBIS,2026-03-20,105.0,3.15,2180,1289,🚬菸屁股 🚀點火(2.2x),STRONG_BUY,6
ONDS,2026-03-13,10.5,1.15,1878,1286,🚬菸屁股 🚀點火(4.6x),STRONG_BUY,6
SOFI,2026-04-17,23.0,0.39,4808,1279,🚬菸屁股 🚀點火(2.3x),STRONG_BUY,6
IONQ,2026-03-20,45.0,1.0,4350,1263,🚬菸屁股 🚀點火(2.3x),STRONG_BUY,6
HOOD,2026-03-13,80.0,3.4,2168,1228,🚬菸屁股 🚀點火(2.7x),STRONG_BUY,6
ACHR,2026-04-17,10.0,0.28,14075,1194,🚬菸屁股 🚀點火(3.5x),STRONG_BUY,6
VST,2026-04-17,200.0,3.3,1564,1156,🚬菸屁股 🚀點火(20.6x),STRONG_BUY,6
HIMS,2026-03-13,17.0,0.85,1664,1119,🚬菸屁股 🆕新開倉點火,STRONG_BUY,6
PATH,2026-03-13,13.0,0.26,1906,1113,🚬菸屁股 🚀點火(3.8x),STRONG_BUY,6
LUNR,2026-03-06,20.0,0.33,2039,1112,🚬菸屁股 🚀點火(4.5x),STRONG_BUY,6
NTLA,2026-04-17,15.0,2.25,2639,1036,🚬菸屁股 🚀點火(148.0x),STRONG_BUY,6
ONDS,2026-03-20,20.0,0.09,15426,971,🚬菸屁股 🚀點火(4.2x),STRONG_BUY,6
SOFI,2026-08-21,18.0,3.75,2229,910,🚬菸屁股 🆕新開倉點火,STRONG_BUY,6
HOOD,2026-03-06,92.0,0.11,1621,890,🚬菸屁股 🚀點火(6.1x),STRONG_BUY,6
SMR,2026-03-06,15.5,0.08,1747,801,🚬菸屁股 🆕新開倉點火,STRONG_BUY,6
ASTS,2026-03-20,140.0,0.65,2872,800,🚬菸屁股 🚀點火(6.8x),STRONG_BUY,6
JOBY,2026-03-06,11.5,0.07,1873,775,🚬菸屁股 🚀點火(4.2x),STRONG_BUY,6
IREN,2026-03-20,49.0,1.45,2458,755,🚬菸屁股 🚀點火(3.7x),STRONG_BUY,6
ONDS,2026-03-20,17.0,0.21,5473,673,🚬菸屁股 🚀點火(7.0x),STRONG_BUY,6
HIMS,2026-04-17,17.0,2.0,1538,652,🚬菸屁股 🆕新開倉點火,STRONG_BUY,6
ASTS,2026-03-06,115.0,0.45,3352,644,🚬菸屁股 🚀點火(2.3x),STRONG_BUY,6
ACHR,2026-07-17,8.0,1.41,1858,604,🚬菸屁股 🚀點火(3.6x),STRONG_BUY,6
U,2026-04-17,40.0,0.09,11971,589,🚬菸屁股 🚀點火(7.5x),STRONG_BUY,6
ACHR,2026-04-17,9.0,0.45,9701,585,🚬菸屁股 🚀點火(2.9x),STRONG_BUY,6
SOFI,2026-03-13,25.0,0.03,5010,559,🚬菸屁股 🚀點火(2.1x),STRONG_BUY,6
ASTS,2026-04-17,120.0,4.85,4698,547,🚬菸屁股 🚀點火(3.2x),STRONG_BUY,6
XYZ,2026-03-06,68.0,0.4,3018,531,🚬菸屁股 🆕新開倉點火,STRONG_BUY,6
ACHR,2026-04-17,11.0,0.18,7551,529,🚬菸屁股 🚀點火(6.5x),STRONG_BUY,6
XYZ,2026-03-06,80.0,0.11,2319,526,🚬菸屁股 🆕新開倉點火,STRONG_BUY,6
XYZ,2026-03-06,66.0,0.92,1574,467,🚬菸屁股 🆕新開倉點火,STRONG_BUY,6
HIMS,2026-03-06,14.0,2.57,3258,460,🚬菸屁股 🚀點火(2.9x),STRONG_BUY,6
ONDS,2026-03-20,19.0,0.18,1891,444,🚬菸屁股 🚀點火(74.0x),STRONG_BUY,6
JOBY,2026-03-20,12.0,0.23,3260,442,🚬菸屁股 🚀點火(3.7x),STRONG_BUY,6
SOFI,2026-03-13,24.0,0.03,4510,419,🚬菸屁股 🚀點火(2.1x),STRONG_BUY,6
ACHR,2026-03-20,11.0,0.05,4124,383,🚬菸屁股 🚀點火(19.1x),STRONG_BUY,6
OPEN,2026-03-20,10.0,0.02,4850,377,🚬菸屁股 🚀點火(2.2x),STRONG_BUY,6
XYZ,2026-03-06,69.0,0.26,1832,350,🚬菸屁股 🆕新開倉點火,STRONG_BUY,6
HOOD,2026-04-17,105.0,1.14,2021,344,🚬菸屁股 🚀點火(3.3x),STRONG_BUY,6
TDOC,2026-07-17,6.0,0.68,3149,344,🚬菸屁股 🚀點火(2.1x),STRONG_BUY,6
ACHR,2026-03-20,7.0,0.97,4653,344,🚬菸屁股 🚀點火(3.2x),STRONG_BUY,6
ACHR,2026-03-20,6.5,1.31,10096,342,🚬菸屁股 🚀點火(2.6x),STRONG_BUY,6
HOOD,2026-04-17,120.0,0.4,8726,330,🚬菸屁股 🚀點火(4.2x),STRONG_BUY,6
CRWV,2026-03-13,85.0,2.98,2432,322,🚬菸屁股 🆕新開倉點火,STRONG_BUY,6
SOFI,2026-03-13,26.0,0.02,2389,313,🚬菸屁股 🚀點火(3.4x),STRONG_BUY,6
HOOD,2026-03-06,100.0,0.02,1726,306,🚬菸屁股 🚀點火(3.8x),STRONG_BUY,6
NVDA,2027-01-15,250.0,12.85,50855,10222,🔭LEAPS埋伏 👑超級萬人塚,HOLD,4
IREN,2027-01-15,50.0,13.35,22773,2977,🚀點火(11.8x) 🔥萬人塚,BUY_WATCH,4
SOFI,2027-01-15,25.0,2.72,57025,1887,🔭LEAPS埋伏 👑超級萬人塚,HOLD,4
NVDA,2027-01-15,200.0,26.7,54130,1567,🔭LEAPS埋伏 👑超級萬人塚,HOLD,4
SOFI,2027-01-15,30.0,1.79,58417,1464,🔭LEAPS埋伏 👑超級萬人塚,HOLD,4
NVDA,2027-01-15,300.0,6.3,57630,1134,🔭LEAPS埋伏 👑超級萬人塚,HOLD,4
SOFI,2027-01-15,20.0,4.2,51155,1023,🔭LEAPS埋伏 👑超級萬人塚,HOLD,4
TSLA,2027-01-15,960.0,6.55,121015,731,🔭LEAPS埋伏 👑超級萬人塚,HOLD,4
NVDA,2028-01-21,300.0,21.75,84716,237,🔭LEAPS埋伏 👑超級萬人塚,HOLD,4
NVDA,2027-01-15,340.0,3.6,69207,116,🔭LEAPS埋伏 👑超級萬人塚,HOLD,4
TSLA,2027-01-15,940.0,7.05,100344,14,🔭LEAPS埋伏 👑超級萬人塚,HOLD,4
OPEN,2027-01-15,1.0,4.2,64373,9,🔭LEAPS埋伏 👑超級萬人塚,HOLD,4
NVDA,2026-03-06,190.0,0.82,134019,136463,🚬菸屁股 👑超級萬人塚,HOLD,3
NVDA,2026-03-20,200.0,1.77,282410,50462,🚬菸屁股 👑超級萬人塚,HOLD,3
TSLA,2026-03-06,390.0,16.6,1938,44858,🚀點火(2.4x),BUY_WATCH,3
PLTR,2026-03-06,150.0,1.82,9803,44218,🚀點火(5.0x),BUY_WATCH,3
TSLA,2026-03-20,410.0,12.05,7518,40967,🆕新開倉點火,BUY_WATCH,3
NVDA,2026-03-20,210.0,0.68,122773,28829,🚬菸屁股 👑超級萬人塚,HOLD,3
PLTR,2026-03-06,160.0,0.25,3451,22584,🆕新開倉點火,BUY_WATCH,3
MSTR,2026-03-06,150.0,1.08,6420,22408,🚀點火(9.8x),BUY_WATCH,3
PLTR,2026-03-06,155.0,0.71,3542,22063,🆕新開倉點火,BUY_WATCH,3
TSLA,2026-03-06,380.0,25.2,591,21739,🚀點火(5.5x),BUY_WATCH,3
NVDA,2026-03-20,190.0,4.35,114096,18812,🚬菸屁股 👑超級萬人塚,HOLD,3
PLTR,2026-03-06,147.0,2.95,2603,18049,🚀點火(5.6x),BUY_WATCH,3
NVDA,2026-03-20,195.0,2.8,86753,17711,🚬菸屁股 👑超級萬人塚,HOLD,3
ONDS,2026-03-20,12.0,0.82,50509,16073,🚬菸屁股 👑超級萬人塚,HOLD,3
NVDA,2026-03-20,180.0,9.15,55353,16057,🚬菸屁股 👑超級萬人塚,HOLD,3
PLTR,2026-03-06,146.0,3.45,3317,15645,🆕新開倉點火,BUY_WATCH,3
ONDS,2026-03-20,11.5,0.97,883,15620,🆕新開倉點火,BUY_WATCH,3
SOFI,2026-03-20,20.0,0.5,60794,14347,🚬菸屁股 👑超級萬人塚,HOLD,3
IBIT,2026-03-06,42.0,0.18,5925,13680,🆕新開倉點火,BUY_WATCH,3
IBIT,2026-03-06,41.0,0.34,7379,13514,🆕新開倉點火,BUY_WATCH,3
PLTR,2026-03-06,165.0,0.1,1904,12817,🆕新開倉點火,BUY_WATCH,3
IREN,2026-03-06,40.0,2.81,839,12524,🆕新開倉點火,BUY_WATCH,3
TSLA,2026-03-06,395.0,12.85,1092,12365,🚀點火(2.3x),BUY_WATCH,3
IBIT,2026-03-06,40.5,0.48,8320,12077,🚀點火(4.8x),BUY_WATCH,3
COIN,2026-03-06,200.0,1.75,5104,11695,🆕新開倉點火,BUY_WATCH,3
PLTR,2026-03-06,152.5,1.16,1521,11115,🆕新開倉點火,BUY_WATCH,3
COIN,2026-05-15,190.0,23.0,626,10689,🆕新開倉點火,BUY_WATCH,3
NVDA,2026-04-17,210.0,2.51,52701,10443,🚬菸屁股 👑超級萬人塚,HOLD,3
PLTR,2026-03-20,165.0,1.4,6806,10204,🆕新開倉點火,BUY_WATCH,3
AMD,2026-03-06,210.0,1.32,5221,10061,🚀點火(2.0x),BUY_WATCH,3
TSLA,2026-03-13,395.0,16.8,570,10019,🆕新開倉點火,BUY_WATCH,3
PLTR,2026-03-06,148.0,2.53,1914,9188,🆕新開倉點火,BUY_WATCH,3
PLTR,2026-03-06,157.5,0.43,819,9022,🆕新開倉點火,BUY_WATCH,3
TSLA,2026-03-20,400.0,17.1,8464,8891,🚀點火(2.4x),BUY_WATCH,3
TSLA,2026-03-13,400.0,13.7,1148,8587,🚀點火(3.2x),BUY_WATCH,3
PLTR,2026-03-06,143.0,5.1,2742,8425,🚀點火(2.6x),BUY_WATCH,3
NVDA,2026-03-13,192.5,1.68,2552,8071,🆕新開倉點火,BUY_WATCH,3
NVDA,2026-03-13,185.0,4.35,5080,7747,🆕新開倉點火,BUY_WATCH,3
CRWV,2026-03-20,100.0,1.25,90589,7693,🚬菸屁股 👑超級萬人塚,HOLD,3
TSLA,2026-03-06,385.0,20.9,510,7526,🆕新開倉點火,BUY_WATCH,3
RKLB,2026-07-17,90.0,9.7,3991,7292,🚀點火(15.5x),BUY_WATCH,3
IBIT,2026-03-20,43.5,0.48,3640,7278,🆕新開倉點火,BUY_WATCH,3
NVDA,2026-03-20,240.0,0.1,62186,7177,🚬菸屁股 👑超級萬人塚,HOLD,3
IBIT,2026-03-06,39.5,0.86,5678,7152,🚀點火(3.4x),BUY_WATCH,3
PLTR,2026-03-06,149.0,2.16,976,7101,🆕新開倉點火,BUY_WATCH,3
PLTR,2026-03-13,150.0,3.65,3830,7077,🆕新開倉點火,BUY_WATCH,3
COIN,2026-03-06,190.0,4.4,4675,6841,🆕新開倉點火,BUY_WATCH,3
PLTR,2026-03-20,145.0,7.5,8743,6701,🆕新開倉點火,BUY_WATCH,3
ONDS,2026-03-06,13.5,0.07,1483,6542,🆕新開倉點火,BUY_WATCH,3
IBIT,2026-04-17,46.0,0.72,3114,5978,🆕新開倉點火,BUY_WATCH,3
AMD,2026-03-06,215.0,0.63,4821,5850,🆕新開倉點火,BUY_WATCH,3
TSLA,2026-03-06,397.5,11.15,923,5747,🚀點火(2.9x),BUY_WATCH,3
SOFI,2026-03-20,19.0,0.86,108425,5594,🚬菸屁股 👑超級萬人塚,HOLD,3
TSLA,2026-03-06,417.5,2.29,6816,5540,🚀點火(2.3x),BUY_WATCH,3
AMD,2026-04-17,350.0,0.11,5339,5435,🆕新開倉點火,BUY_WATCH,3
NVDA,2026-03-13,182.5,5.65,2242,5404,🆕新開倉點火,BUY_WATCH,3
IBIT,2026-04-17,40.0,2.57,3765,5261,🚀點火(2.2x),BUY_WATCH,3
NVDA,2026-03-13,180.0,7.1,3440,5244,🆕新開倉點火,BUY_WATCH,3
PATH,2026-05-15,15.0,0.54,93801,5134,🚬菸屁股 👑超級萬人塚,HOLD,3
NVDA,2026-03-13,210.0,0.16,7518,5100,🆕新開倉點火,BUY_WATCH,3
NVDA,2026-03-13,197.5,0.82,7682,5078,🆕新開倉點火,BUY_WATCH,3
AMD,2026-03-06,197.5,5.95,984,5074,🆕新開倉點火,BUY_WATCH,3
PLTR,2026-03-06,170.0,0.05,2972,5057,🆕新開倉點火,BUY_WATCH,3
PLTR,2026-03-13,160.0,1.15,2613,5022,🆕新開倉點火,BUY_WATCH,3
AMD,2026-05-15,370.0,0.26,1533,4901,🆕新開倉點火,BUY_WATCH,3
NVDA,2026-03-20,207.5,0.86,9119,4777,🆕新開倉點火,BUY_WATCH,3
NVDA,2026-03-20,197.5,2.23,6627,4776,🆕新開倉點火,BUY_WATCH,3
MSTR,2026-03-06,145.0,2.06,2917,4769,🆕新開倉點火,BUY_WATCH,3
NVDA,2026-03-20,220.0,0.3,85153,4760,🚬菸屁股 👑超級萬人塚,HOLD,3
MSTR,2026-03-13,150.0,3.1,1402,4754,🆕新開倉點火,BUY_WATCH,3
PLTR,2026-03-20,155.0,3.45,8646,4723,🆕新開倉點火,BUY_WATCH,3
MSTR,2026-03-06,138.0,4.7,2626,4657,🚀點火(2.3x),BUY_WATCH,3
PLTR,2026-03-13,145.0,5.9,2764,4622,🆕新開倉點火,BUY_WATCH,3
IBIT,2026-03-06,41.5,0.24,1302,4539,🆕新開倉點火,BUY_WATCH,3
COIN,2026-03-06,195.0,2.79,3218,4227,🆕新開倉點火,BUY_WATCH,3
MSTR,2026-03-06,139.0,4.25,522,4201,🆕新開倉點火,BUY_WATCH,3
MSTR,2026-03-06,155.0,0.57,2358,4190,🆕新開倉點火,BUY_WATCH,3
NVDA,2026-03-13,187.5,3.25,3375,4129,🆕新開倉點火,BUY_WATCH,3
IBIT,2026-03-20,41.5,0.94,1617,4036,🆕新開倉點火,BUY_WATCH,3
IBIT,2026-03-13,42.0,0.5,7230,3907,🆕新開倉點火,BUY_WATCH,3
NVDA,2026-03-20,187.5,5.35,5393,3784,🆕新開倉點火,BUY_WATCH,3
IBIT,2028-06-16,100.0,4.45,20687,3777,🔭LEAPS埋伏 🔥萬人塚,HOLD,3
AMD,2026-03-06,202.5,3.5,1778,3727,🆕新開倉點火,BUY_WATCH,3
UPST,2026-03-06,30.0,0.6,1420,3571,🚀點火(2.8x),BUY_WATCH,3
IBIT,2026-04-17,50.0,0.32,1253,3567,🆕新開倉點火,BUY_WATCH,3
ASTS,2026-03-06,85.0,7.1,941,3496,🚀點火(3.6x),BUY_WATCH,3
SOFI,2026-03-20,22.0,0.16,103896,3470,🚬菸屁股 👑超級萬人塚,HOLD,3
AMD,2026-03-06,190.0,11.1,536,3466,🆕新開倉點火,BUY_WATCH,3
U,2026-03-06,19.0,0.66,992,3465,🆕新開倉點火,BUY_WATCH,3
ASTS,2026-03-20,100.0,5.35,8188,3447,🚀點火(2.3x),BUY_WATCH,3
PLTR,2026-03-13,155.0,2.1,1629,3407,🆕新開倉點火,BUY_WATCH,3
TSLA,2026-03-20,420.0,8.15,5813,3315,🆕新開倉點火,BUY_WATCH,3
IBIT,2026-03-13,39.0,1.65,1212,3247,🆕新開倉點火,BUY_WATCH,3
PLTR,2026-03-13,165.0,0.63,6580,3238,🆕新開倉點火,BUY_WATCH,3
MSTR,2026-03-06,160.0,0.32,2233,3208,🆕新開倉點火,BUY_WATCH,3
TSLA,2026-03-06,422.5,1.37,2625,3082,🆕新開倉點火,BUY_WATCH,3
NVDA,2026-03-20,192.5,3.5,6550,2883,🆕新開倉點火,BUY_WATCH,3
PLTR,2026-03-06,141.0,6.4,1661,2832,🆕新開倉點火,BUY_WATCH,3
AMD,2026-03-20,200.0,9.65,9511,2816,🆕新開倉點火,BUY_WATCH,3
MSTR,2026-03-06,180.0,0.09,1481,2797,🆕新開倉點火,BUY_WATCH,3
IBIT,2026-03-13,40.5,0.94,2207,2784,🆕新開倉點火,BUY_WATCH,3
NBIS,2026-03-06,95.0,2.42,1044,2741,🚀點火(2.6x),BUY_WATCH,3
TSLA,2026-03-06,530.0,0.01,614,2732,🆕新開倉點火,BUY_WATCH,3
IBIT,2026-03-13,41.0,0.76,9473,2657,🆕新開倉點火,BUY_WATCH,3
NVDA,2026-03-13,175.0,10.6,1811,2656,🆕新開倉點火,BUY_WATCH,3
IBIT,2026-05-15,43.0,2.19,3721,2605,🆕新開倉點火,BUY_WATCH,3
AMD,2026-03-20,235.0,1.02,565,2603,🆕新開倉點火,BUY_WATCH,3
TSLA,2026-03-06,375.0,29.8,658,2562,🆕新開倉點火,BUY_WATCH,3
MSTR,2026-03-20,160.0,2.66,51007,2535,🚬菸屁股 👑超級萬人塚,HOLD,3
ASTS,2026-03-20,90.0,8.75,4475,2516,🚀點火(4.7x),BUY_WATCH,3
PLTR,2026-03-13,140.0,8.9,2784,2513,🆕新開倉點火,BUY_WATCH,3
LUNR,2026-03-06,19.0,0.55,660,2462,🆕新開倉點火,BUY_WATCH,3
COIN,2026-03-06,182.5,8.0,511,2459,🆕新開倉點火,BUY_WATCH,3
ONDS,2026-03-13,12.5,0.48,1474,2445,🆕新開倉點火,BUY_WATCH,3
PLTR,2026-04-17,170.0,3.3,4970,2422,🆕新開倉點火,BUY_WATCH,3
MSTR,2026-03-06,137.0,5.25,3280,2410,🆕新開倉點火,BUY_WATCH,3
AMD,2026-03-13,220.0,1.5,1852,2400,🆕新開倉點火,BUY_WATCH,3
COIN,2027-01-15,5.0,182.1,4861,2381,🆕新開倉點火,BUY_WATCH,3
CRWV,2026-03-13,90.0,1.7,569,2366,🆕新開倉點火,BUY_WATCH,3
MSTR,2026-03-20,150.0,4.9,7207,2353,🆕新開倉點火,BUY_WATCH,3
NVDA,2026-03-20,280.0,0.02,9412,2312,🆕新開倉點火,BUY_WATCH,3
SOFI,2026-03-13,19.5,0.43,848,2268,🆕新開倉點火,BUY_WATCH,3
TSLA,2026-03-20,415.0,10.0,4515,2257,🆕新開倉點火,BUY_WATCH,3
VST,2026-05-15,170.0,17.0,3428,2247,🆕新開倉點火,BUY_WATCH,3
PLTR,2026-03-20,185.0,0.26,7639,2167,🆕新開倉點火,BUY_WATCH,3
TSLA,2026-03-13,410.0,8.65,1713,2166,🆕新開倉點火,BUY_WATCH,3
PLTR,2026-04-17,180.0,1.88,4182,2158,🆕新開倉點火,BUY_WATCH,3
PLTR,2026-03-20,175.0,0.57,6392,2140,🆕新開倉點火,BUY_WATCH,3
COIN,2026-03-06,205.0,1.09,898,2134,🆕新開倉點火,BUY_WATCH,3
TSLA,2026-03-06,460.0,0.04,4918,2119,🆕新開倉點火,BUY_WATCH,3
PLTR,2026-04-17,145.0,11.55,4360,2119,🆕新開倉點火,BUY_WATCH,3
CRWV,2026-03-06,84.0,1.38,1227,2105,🆕新開倉點火,BUY_WATCH,3
IREN,2026-03-06,41.0,2.26,883,2089,🆕新開倉點火,BUY_WATCH,3
NVDA,2026-03-20,177.5,10.7,3392,2083,🆕新開倉點火,BUY_WATCH,3
TSLA,2026-03-13,405.0,10.95,794,2074,🆕新開倉點火,BUY_WATCH,3
NVDA,2026-03-20,250.0,0.06,69553,1969,🚬菸屁股 👑超級萬人塚,HOLD,3
ACHR,2026-03-06,9.5,0.05,727,1958,🆕新開倉點火,BUY_WATCH,3
IBIT,2027-01-15,50.0,4.65,31561,1952,🔭LEAPS埋伏 🔥萬人塚,HOLD,3
KTOS,2026-03-06,90.0,4.3,726,1896,🆕新開倉點火,BUY_WATCH,3
IBIT,2026-05-15,63.0,0.17,71121,1894,🚬菸屁股 👑超級萬人塚,HOLD,3
ONDS,2026-03-13,13.5,0.31,981,1872,🆕新開倉點火,BUY_WATCH,3
ASTS,2026-03-06,110.0,0.73,920,1860,🆕新開倉點火,BUY_WATCH,3
JOBY,2026-03-13,10.5,0.54,680,1845,🆕新開倉點火,BUY_WATCH,3
TDOC,2026-03-06,5.5,0.07,1077,1837,🆕新開倉點火,BUY_WATCH,3
SOFI,2026-03-06,17.0,1.59,1107,1830,🆕新開倉點火,BUY_WATCH,3
ASTS,2026-03-20,85.0,10.7,2443,1809,🆕新開倉點火,BUY_WATCH,3
RKLB,2026-03-06,72.0,2.83,853,1768,🆕新開倉點火,BUY_WATCH,3
SOFI,2026-03-13,18.5,0.85,704,1747,🆕新開倉點火,BUY_WATCH,3
UPST,2026-03-06,29.0,0.88,608,1733,🆕新開倉點火,BUY_WATCH,3
LUNR,2026-03-06,17.0,1.57,1179,1695,🆕新開倉點火,BUY_WATCH,3
IREN,2026-03-06,48.0,0.21,1225,1668,🚀點火(2.6x),BUY_WATCH,3
IREN,2026-03-06,44.5,0.83,1199,1665,🆕新開倉點火,BUY_WATCH,3
TDOC,2026-07-17,8.0,0.34,572,1654,🆕新開倉點火,BUY_WATCH,3
NBIS,2026-03-06,90.0,4.85,642,1652,🆕新開倉點火,BUY_WATCH,3
ONDS,2026-03-06,14.5,0.05,501,1622,🆕新開倉點火,BUY_WATCH,3
ACHR,2026-03-13,8.5,0.25,874,1618,🆕新開倉點火,BUY_WATCH,3
HIMS,2026-03-13,16.0,1.34,1285,1615,🆕新開倉點火,BUY_WATCH,3
SOFI,2026-03-13,20.5,0.2,1154,1564,🆕新開倉點火,BUY_WATCH,3
U,2026-08-21,20.0,4.05,858,1564,🆕新開倉點火,BUY_WATCH,3
RKLB,2026-03-20,70.0,6.75,2809,1528,🚀點火(2.2x),BUY_WATCH,3
CRWV,2026-03-06,78.0,3.8,819,1528,🆕新開倉點火,BUY_WATCH,3
LUNR,2026-03-06,19.5,0.42,721,1479,🆕新開倉點火,BUY_WATCH,3
NVDA,2028-01-21,400.0,11.65,44479,1376,🔭LEAPS埋伏 🔥萬人塚,HOLD,3
IREN,2027-01-15,45.0,14.9,12405,1363,🆕新開倉點火,BUY_WATCH,3
HIMS,2026-03-20,19.0,0.59,1444,1363,🆕新開倉點火,BUY_WATCH,3
CRWV,2026-03-06,88.0,0.64,673,1315,🆕新開倉點火,BUY_WATCH,3
RKLB,2026-03-13,80.0,1.8,662,1306,🆕新開倉點火,BUY_WATCH,3
HIMS,2026-03-20,17.5,0.99,583,1305,🆕新開倉點火,BUY_WATCH,3
NVDA,2026-03-20,230.0,0.16,59312,1292,🚬菸屁股 👑超級萬人塚,HOLD,3
RKLB,2026-03-06,85.0,0.19,770,1273,🆕新開倉點火,BUY_WATCH,3
HIMS,2026-03-13,20.0,0.2,1386,1258,🆕新開倉點火,BUY_WATCH,3
ASTS,2026-03-06,105.0,1.21,699,1252,🚀點火(2.5x),BUY_WATCH,3
HIMS,2026-03-06,18.5,0.14,891,1219,🆕新開倉點火,BUY_WATCH,3
SMCI,2026-03-06,31.5,1.26,617,1200,🆕新開倉點火,BUY_WATCH,3
VST,2026-04-17,170.0,11.25,1750,1122,🆕新開倉點火,BUY_WATCH,3
ACHR,2026-03-13,8.0,0.39,1233,1088,🆕新開倉點火,BUY_WATCH,3
NVDA,2027-01-15,180.0,35.3,45961,1058,🔭LEAPS埋伏 🔥萬人塚,HOLD,3
NBIS,2026-03-13,100.0,3.1,915,1046,🆕新開倉點火,BUY_WATCH,3
IBIT,2026-03-20,60.0,0.04,52753,1042,🚬菸屁股 👑超級萬人塚,HOLD,3
NTLA,2026-03-20,15.0,1.5,1121,1024,🆕新開倉點火,BUY_WATCH,3
OKLO,2026-03-20,63.0,6.95,521,1021,🆕新開倉點火,BUY_WATCH,3
HIMS,2026-03-13,18.0,0.54,1170,1017,🆕新開倉點火,BUY_WATCH,3
OKLO,2026-03-06,65.0,3.05,710,976,🆕新開倉點火,BUY_WATCH,3
OKLO,2026-03-06,75.0,0.39,1298,964,🆕新開倉點火,BUY_WATCH,3
XYZ,2026-03-13,67.0,1.28,852,959,🆕新開倉點火,BUY_WATCH,3
NBIS,2026-03-06,105.0,0.41,1042,951,🆕新開倉點火,BUY_WATCH,3
HOOD,2026-05-15,80.0,9.95,2627,949,🆕新開倉點火,BUY_WATCH,3
CRWV,2026-03-06,81.0,2.33,1405,926,🆕新開倉點火,BUY_WATCH,3
IREN,2026-03-13,45.0,1.69,606,916,🆕新開倉點火,BUY_WATCH,3
ONDS,2026-04-17,13.0,1.08,507,914,🆕新開倉點火,BUY_WATCH,3
OPEN,2026-04-17,7.0,0.15,1391,901,🆕新開倉點火,BUY_WATCH,3
SMR,2026-03-06,14.5,0.21,726,892,🆕新開倉點火,BUY_WATCH,3
HOOD,2026-03-06,89.0,0.16,1039,862,🆕新開倉點火,BUY_WATCH,3
LUNR,2026-03-13,20.0,0.73,531,852,🆕新開倉點火,BUY_WATCH,3
ACHR,2026-03-13,9.0,0.14,918,831,🆕新開倉點火,BUY_WATCH,3
IREN,2026-03-06,43.5,1.09,610,804,🆕新開倉點火,BUY_WATCH,3
NVDA,2027-01-15,230.0,17.25,28908,790,🔭LEAPS埋伏 🔥萬人塚,HOLD,3
OKLO,2026-03-06,68.0,1.81,540,772,🆕新開倉點火,BUY_WATCH,3
RKLB,2026-03-06,90.0,0.09,964,771,🆕新開倉點火,BUY_WATCH,3
SOFI,2027-01-15,15.0,6.5,31683,757,🔭LEAPS埋伏 🔥萬人塚,HOLD,3
NVDA,2027-01-15,210.0,23.1,28267,752,🔭LEAPS埋伏 🔥萬人塚,HOLD,3
JOBY,2026-03-13,10.0,0.78,1099,752,🆕新開倉點火,BUY_WATCH,3
SOFI,2026-03-13,21.5,0.08,760,744,🆕新開倉點火,BUY_WATCH,3
HOOD,2026-04-17,85.0,5.1,2567,737,🚀點火(2.5x),BUY_WATCH,3
CRWV,2026-03-06,83.0,1.65,506,731,🆕新開倉點火,BUY_WATCH,3
HOOD,2026-03-06,70.0,9.6,689,728,🆕新開倉點火,BUY_WATCH,3
SMCI,2026-03-13,32.5,1.35,1073,709,🆕新開倉點火,BUY_WATCH,3
NVDA,2027-01-15,220.0,19.95,34751,699,🔭LEAPS埋伏 🔥萬人塚,HOLD,3
IBIT,2028-01-21,140.0,1.45,20737,692,🔭LEAPS埋伏 🔥萬人塚,HOLD,3
VRT,2026-03-13,260.0,11.6,524,689,🆕新開倉點火,BUY_WATCH,3
ONDS,2026-04-17,10.0,2.15,1387,682,🆕新開倉點火,BUY_WATCH,3
IREN,2026-05-15,40.0,8.9,8587,677,🆕新開倉點火,BUY_WATCH,3
HIMS,2026-03-13,19.0,0.33,667,672,🆕新開倉點火,BUY_WATCH,3
RKLB,2026-03-06,73.0,2.38,709,670,🆕新開倉點火,BUY_WATCH,3
UPST,2026-03-06,27.5,1.68,899,666,🆕新開倉點火,BUY_WATCH,3
ACHR,2026-03-13,7.5,0.6,907,666,🆕新開倉點火,BUY_WATCH,3
IREN,2027-01-15,60.0,10.75,7444,652,🆕新開倉點火,BUY_WATCH,3
HIMS,2026-03-13,15.0,1.98,619,645,🆕新開倉點火,BUY_WATCH,3
NTLA,2026-03-20,17.0,0.65,568,634,🆕新開倉點火,BUY_WATCH,3
IREN,2026-03-06,49.0,0.15,915,621,🆕新開倉點火,BUY_WATCH,3
IONQ,2026-03-06,43.0,0.27,502,606,🆕新開倉點火,BUY_WATCH,3
NBIS,2026-03-06,92.0,3.8,526,598,🆕新開倉點火,BUY_WATCH,3
IONQ,2026-03-06,38.0,1.89,593,594,🆕新開倉點火,BUY_WATCH,3
HIMS,2026-08-21,20.0,3.6,618,592,🆕新開倉點火,BUY_WATCH,3
ACHR,2027-01-15,10.0,1.76,30203,582,🔭LEAPS埋伏 🔥萬人塚,HOLD,3
SMR,2026-03-06,16.0,0.05,791,578,🆕新開倉點火,BUY_WATCH,3
OKLO,2026-03-06,72.0,0.78,504,575,🆕新開倉點火,BUY_WATCH,3
UPST,2027-01-15,25.0,10.35,1618,570,🚀點火(190.0x),BUY_WATCH,3
U,2026-03-20,21.0,0.68,1491,566,🆕新開倉點火,BUY_WATCH,3
CRWV,2026-03-06,79.0,3.25,1161,565,🆕新開倉點火,BUY_WATCH,3
JOBY,2026-03-13,11.0,0.33,932,564,🆕新開倉點火,BUY_WATCH,3
OKLO,2026-03-20,65.0,5.85,734,561,🆕新開倉點火,BUY_WATCH,3
IBIT,2027-01-15,60.0,2.67,33297,556,🔭LEAPS埋伏 🔥萬人塚,HOLD,3
SOFI,2027-01-15,35.0,1.21,27311,555,🔭LEAPS埋伏 🔥萬人塚,HOLD,3
SMCI,2026-03-13,37.0,0.25,1346,550,🆕新開倉點火,BUY_WATCH,3
LUNR,2026-03-06,21.0,0.18,503,550,🆕新開倉點火,BUY_WATCH,3
CRWV,2026-03-06,96.0,0.12,966,545,🆕新開倉點火,BUY_WATCH,3
NBIS,2026-04-17,110.0,5.75,1427,538,🆕新開倉點火,BUY_WATCH,3
IBIT,2027-01-15,140.0,0.24,25446,527,🔭LEAPS埋伏 🔥萬人塚,HOLD,3
VRT,2026-03-06,250.0,13.7,1155,525,🆕新開倉點火,BUY_WATCH,3
ONDS,2028-01-21,25.0,3.85,986,519,🆕新開倉點火,BUY_WATCH,3
SOFI,2026-07-17,33.0,0.34,1166,512,🆕新開倉點火,BUY_WATCH,3
NNE,2026-04-17,30.0,2.5,725,511,🆕新開倉點火,BUY_WATCH,3
U,2026-03-06,18.0,1.3,653,506,🆕新開倉點火,BUY_WATCH,3
HOOD,2026-03-06,74.0,5.9,606,499,🆕新開倉點火,BUY_WATCH,3
HOOD,2026-03-13,88.0,0.98,555,494,🆕新開倉點火,BUY_WATCH,3
TDOC,2026-07-17,5.0,1.03,1241,493,🆕新開倉點火,BUY_WATCH,3
VRT,2026-03-06,275.0,2.5,929,492,🆕新開倉點火,BUY_WATCH,3
LUNR,2026-03-06,18.5,0.75,1016,482,🆕新開倉點火,BUY_WATCH,3
HOOD,2026-03-06,95.0,0.05,906,480,🆕新開倉點火,BUY_WATCH,3
ASTS,2026-03-06,94.0,3.5,547,468,🆕新開倉點火,BUY_WATCH,3
PATH,2026-04-17,12.0,0.91,1309,467,🆕新開倉點火,BUY_WATCH,3
RKLB,2026-03-06,95.0,0.04,507,457,🆕新開倉點火,BUY_WATCH,3
CRWV,2026-03-06,89.0,0.58,852,456,🆕新開倉點火,BUY_WATCH,3
HOOD,2026-03-13,79.0,3.9,518,453,🆕新開倉點火,BUY_WATCH,3
NBIS,2026-03-06,102.0,0.7,655,448,🆕新開倉點火,BUY_WATCH,3
ACHR,2026-03-13,7.0,0.89,583,444,🆕新開倉點火,BUY_WATCH,3
PATH,2027-01-15,20.0,1.28,36966,443,🔭LEAPS埋伏 🔥萬人塚,HOLD,3
HIMS,2026-03-13,22.0,0.09,543,438,🆕新開倉點火,BUY_WATCH,3
IBIT,2027-01-15,55.0,3.5,21526,436,🔭LEAPS埋伏 🔥萬人塚,HOLD,3
NVDA,2027-01-15,190.0,30.75,23808,435,🔭LEAPS埋伏 🔥萬人塚,HOLD,3
CRWV,2026-04-17,75.0,12.15,797,434,🆕新開倉點火,BUY_WATCH,3
CRWV,2026-03-13,84.0,3.35,575,426,🆕新開倉點火,BUY_WATCH,3
SOFI,2026-03-13,17.5,1.46,591,424,🆕新開倉點火,BUY_WATCH,3
OPEN,2027-01-15,7.0,1.28,27652,418,🔭LEAPS埋伏 🔥萬人塚,HOLD,3
IREN,2026-03-06,56.0,0.03,601,417,🆕新開倉點火,BUY_WATCH,3
JOBY,2026-03-06,12.0,0.04,1294,415,🆕新開倉點火,BUY_WATCH,3
LUNR,2026-03-13,17.5,1.7,737,411,🆕新開倉點火,BUY_WATCH,3
OKLO,2026-03-06,80.0,0.15,805,410,🆕新開倉點火,BUY_WATCH,3
RKLB,2026-03-06,69.0,4.5,520,408,🆕新開倉點火,BUY_WATCH,3
DKNG,2026-03-13,25.0,0.53,517,405,🆕新開倉點火,BUY_WATCH,3
HOOD,2026-03-13,83.0,2.2,834,403,🆕新開倉點火,BUY_WATCH,3
JOBY,2026-03-13,12.0,0.12,684,394,🆕新開倉點火,BUY_WATCH,3
IREN,2026-08-21,40.0,12.65,711,393,🆕新開倉點火,BUY_WATCH,3
NTLA,2026-03-20,16.0,1.0,1118,392,🆕新開倉點火,BUY_WATCH,3
TDOC,2028-01-21,17.0,0.83,840,388,🆕新開倉點火,BUY_WATCH,3
PATH,2026-05-15,9.0,2.59,1095,386,🆕新開倉點火,BUY_WATCH,3
HOOD,2026-03-20,75.0,7.25,4397,386,🆕新開倉點火,BUY_WATCH,3
ZM,2026-03-06,76.0,0.46,576,386,🆕新開倉點火,BUY_WATCH,3
NBIS,2026-04-17,90.0,12.85,798,382,🆕新開倉點火,BUY_WATCH,3
ZM,2026-03-06,78.0,0.2,506,377,🆕新開倉點火,BUY_WATCH,3
XYZ,2026-03-06,55.0,9.7,16577,375,🆕新開倉點火,BUY_WATCH,3
VST,2026-03-06,180.0,0.65,703,374,🆕新開倉點火,BUY_WATCH,3
SOFI,2026-03-20,17.5,1.68,855,373,🆕新開倉點火,BUY_WATCH,3
HOOD,2026-03-06,73.0,6.85,892,373,🆕新開倉點火,BUY_WATCH,3
OKLO,2026-03-06,73.0,0.65,783,372,🆕新開倉點火,BUY_WATCH,3
PATH,2026-04-17,13.0,0.65,1353,372,🆕新開倉點火,BUY_WATCH,3
HIMS,2026-03-13,23.0,0.07,524,372,🆕新開倉點火,BUY_WATCH,3
KTOS,2026-05-15,100.0,10.7,1026,369,🆕新開倉點火,BUY_WATCH,3
IONQ,2026-03-06,39.0,1.35,1024,365,🆕新開倉點火,BUY_WATCH,3
SOFI,2027-01-15,40.0,0.86,21414,364,🔭LEAPS埋伏 🔥萬人塚,HOLD,3
ASTS,2026-03-13,100.0,3.6,956,362,🆕新開倉點火,BUY_WATCH,3
HIMS,2026-07-17,30.0,1.25,657,359,🆕新開倉點火,BUY_WATCH,3
HIMS,2026-03-20,21.0,0.3,984,357,🆕新開倉點火,BUY_WATCH,3
SMCI,2026-03-06,36.5,0.07,670,346,🆕新開倉點火,BUY_WATCH,3
CRWV,2026-03-13,100.0,0.56,658,346,🆕新開倉點火,BUY_WATCH,3
XYZ,2026-04-17,57.5,9.1,542,342,🆕新開倉點火,BUY_WATCH,3
OKLO,2026-03-20,75.0,2.36,1223,336,🆕新開倉點火,BUY_WATCH,3
HIMS,2026-05-15,17.0,2.9,1070,330,🆕新開倉點火,BUY_WATCH,3
JOBY,2026-03-20,14.0,0.07,1460,327,🆕新開倉點火,BUY_WATCH,3
HIMS,2026-05-15,25.0,1.06,636,326,🆕新開倉點火,BUY_WATCH,3
IBIT,2027-01-15,70.0,1.59,23260,317,🔭LEAPS埋伏 🔥萬人塚,HOLD,3
PATH,2026-03-13,11.0,0.82,916,316,🆕新開倉點火,BUY_WATCH,3
CRWV,2028-01-21,80.0,37.1,959,313,🆕新開倉點火,BUY_WATCH,3
ASTS,2026-03-06,98.0,2.42,563,309,🆕新開倉點火,BUY_WATCH,3
PATH,2026-04-17,14.0,0.49,581,307,🆕新開倉點火,BUY_WATCH,3
HIMS,2026-03-06,19.5,0.06,829,307,🆕新開倉點火,BUY_WATCH,3
HIMS,2026-04-17,15.0,3.0,744,307,🆕新開倉點火,BUY_WATCH,3
IREN,2026-03-13,55.0,0.24,715,306,🆕新開倉點火,BUY_WATCH,3
HIMS,2026-03-13,21.0,0.13,888,302,🆕新開倉點火,BUY_WATCH,3
HIMS,2026-08-21,50.0,0.83,514,301,🆕新開倉點火,BUY_WATCH,3
PATH,2027-01-15,15.0,2.06,41941,295,🔭LEAPS埋伏 🔥萬人塚,HOLD,3
IBIT,2027-01-15,80.0,1.03,26131,255,🔭LEAPS埋伏 🔥萬人塚,HOLD,3
NVDA,2028-01-21,420.0,10.4,22823,222,🔭LEAPS埋伏 🔥萬人塚,HOLD,3
ACHR,2027-01-15,25.0,0.51,22835,196,🔭LEAPS埋伏 🔥萬人塚,HOLD,3
SMCI,2026-03-20,30.0,3.25,64255,162,🚬菸屁股 👑超級萬人塚,HOLD,3
IBIT,2027-01-15,100.0,0.53,37669,159,🔭LEAPS埋伏 🔥萬人塚,HOLD,3
OPEN,2027-01-15,5.0,2.11,21701,159,🔭LEAPS埋伏 🔥萬人塚,HOLD,3
PATH,2027-01-15,30.0,0.64,33575,151,🔭LEAPS埋伏 🔥萬人塚,HOLD,3
OPEN,2028-01-21,20.0,1.4,20063,131,🔭LEAPS埋伏 🔥萬人塚,HOLD,3
NVDA,2027-01-15,240.0,14.85,22636,130,🔭LEAPS埋伏 🔥萬人塚,HOLD,3
OPEN,2027-01-15,10.0,1.12,31296,120,🔭LEAPS埋伏 🔥萬人塚,HOLD,3
NVDA,2028-01-21,250.0,31.1,29168,112,🔭LEAPS埋伏 🔥萬人塚,HOLD,3
SOFI,2027-01-15,12.0,8.75,29989,106,🔭LEAPS埋伏 🔥萬人塚,HOLD,3
SOFI,2027-01-15,10.0,9.75,24810,84,🔭LEAPS埋伏 🔥萬人塚,HOLD,3
XYZ,2027-01-15,145.0,0.99,23755,74,🔭LEAPS埋伏 🔥萬人塚,HOLD,3
IBIT,2027-01-15,90.0,0.71,23421,56,🔭LEAPS埋伏 🔥萬人塚,HOLD,3
OPEN,2028-01-21,10.0,2.1,23532,36,🔭LEAPS埋伏 🔥萬人塚,HOLD,3
OPEN,2027-01-15,20.0,0.57,23878,25,🔭LEAPS埋伏 🔥萬人塚,HOLD,3
SMCI,2027-01-15,90.0,1.24,27118,24,🔭LEAPS埋伏 🔥萬人塚,HOLD,3
IBIT,2027-01-15,68.0,1.77,22317,16,🔭LEAPS埋伏 🔥萬人塚,HOLD,3
OPEN,2027-01-15,1.5,3.9,48846,16,🔭LEAPS埋伏 🔥萬人塚,HOLD,3
OPEN,2027-01-15,4.0,2.52,34254,10,🔭LEAPS埋伏 🔥萬人塚,HOLD,3
IBIT,2027-01-15,110.0,0.43,23777,1,🔭LEAPS埋伏 🔥萬人塚,HOLD,3
IBIT,2027-01-15,5.0,35.05,20289,0,🔭LEAPS埋伏 🔥萬人塚,HOLD,3
OPEN,2027-01-15,1.5,0.0,49508,0,🔭LEAPS埋伏 🔥萬人塚,HOLD,3
OPEN,2027-01-15,20.0,0.0,25796,0,🔭LEAPS埋伏 🔥萬人塚,HOLD,3
OPEN,2028-01-21,20.0,0.0,37480,0,🔭LEAPS埋伏 🔥萬人塚,HOLD,3
NVDA,2026-03-06,185.0,2.37,45790,60319,🚬菸屁股 🔥萬人塚,HOLD,2
NVDA,2026-03-06,200.0,0.07,49448,38130,🚬菸屁股 🔥萬人塚,HOLD,2
NVDA,2026-03-06,192.5,0.43,46573,33797,🚬菸屁股 🔥萬人塚,HOLD,2
NVDA,2026-03-06,195.0,0.22,44524,27315,🚬菸屁股 🔥萬人塚,HOLD,2
NVDA,2026-03-20,185.0,6.45,48083,22269,🚬菸屁股 🔥萬人塚,HOLD,2
MSTR,2026-03-06,140.0,3.8,21320,17142,🚬菸屁股 🔥萬人塚,HOLD,2
NVDA,2026-04-17,200.0,4.65,48061,13766,🚬菸屁股 🔥萬人塚,HOLD,2
PLTR,2026-03-06,140.0,7.15,20643,13414,🚬菸屁股 🔥萬人塚,HOLD,2
NVDA,2026-03-06,197.5,0.12,46518,12177,🚬菸屁股 🔥萬人塚,HOLD,2
IBIT,2026-03-20,40.0,1.52,34811,11009,🚬菸屁股 🔥萬人塚,HOLD,2
NVDA,2026-04-17,190.0,8.05,37024,9553,🚬菸屁股 🔥萬人塚,HOLD,2
MSTR,2026-03-06,135.0,6.4,30818,8966,🚬菸屁股 🔥萬人塚,HOLD,2
NVDA,2026-05-15,190.0,11.35,27796,8063,🚬菸屁股 🔥萬人塚,HOLD,2
NVDA,2026-04-17,220.0,1.33,46071,7746,🚬菸屁股 🔥萬人塚,HOLD,2
ONDS,2026-03-20,10.0,1.6,31011,6660,🚬菸屁股 🔥萬人塚,HOLD,2
NVDA,2026-03-20,205.0,1.09,47067,6238,🚬菸屁股 🔥萬人塚,HOLD,2
NVDA,2026-03-06,210.0,0.02,22581,5728,🚬菸屁股 🔥萬人塚,HOLD,2
NVDA,2026-03-20,170.0,16.1,25591,3705,🚬菸屁股 🔥萬人塚,HOLD,2
IBIT,2026-03-20,42.0,0.79,25791,3483,🚬菸屁股 🔥萬人塚,HOLD,2
SMCI,2026-03-06,35.0,0.17,25781,3145,🚬菸屁股 🔥萬人塚,HOLD,2
IBIT,2026-03-20,43.0,0.57,22794,3034,🚬菸屁股 🔥萬人塚,HOLD,2
PLTR,2026-03-20,180.0,0.37,24088,3026,🚬菸屁股 🔥萬人塚,HOLD,2
SOFI,2026-03-20,25.0,0.05,35952,2676,🚬菸屁股 🔥萬人塚,HOLD,2
SMR,2026-03-06,14.0,0.34,21339,2545,🚬菸屁股 🔥萬人塚,HOLD,2
NVDA,2026-05-15,220.0,3.15,20331,2502,🚬菸屁股 🔥萬人塚,HOLD,2
MSTR,2026-03-06,142.0,2.99,32862,2491,🚬菸屁股 🔥萬人塚,HOLD,2
NVDA,2026-05-15,180.0,16.3,20763,2392,🚬菸屁股 🔥萬人塚,HOLD,2
NVDA,2026-05-15,210.0,4.95,37329,2327,🚬菸屁股 🔥萬人塚,HOLD,2
NVDA,2026-03-20,175.0,12.4,37283,1981,🚬菸屁股 🔥萬人塚,HOLD,2
TSLA,2026-03-20,500.0,0.29,30107,1955,🚬菸屁股 🔥萬人塚,HOLD,2
ONDS,2028-01-21,30.0,3.25,13092,1928,🔭LEAPS埋伏,HOLD,2
TSLA,2026-03-20,440.0,3.4,20593,1838,🚬菸屁股 🔥萬人塚,HOLD,2
TDOC,2027-01-15,7.5,1.02,12695,1803,🔭LEAPS埋伏,HOLD,2
PLTR,2026-03-06,139.0,7.85,20721,1752,🚬菸屁股 🔥萬人塚,HOLD,2
MSTR,2026-03-06,134.0,7.0,26852,1746,🚬菸屁股 🔥萬人塚,HOLD,2
PLTR,2026-05-15,150.0,14.0,34642,1740,🚬菸屁股 🔥萬人塚,HOLD,2
SMR,2026-03-06,13.5,0.48,20921,1551,🚬菸屁股 🔥萬人塚,HOLD,2
NVDA,2026-03-06,220.0,0.01,27116,1466,🚬菸屁股 🔥萬人塚,HOLD,2
IBIT,2026-03-20,44.0,0.4,27646,1442,🚬菸屁股 🔥萬人塚,HOLD,2
ONDS,2027-01-15,20.0,2.52,17223,1366,🔭LEAPS埋伏,HOLD,2
NVDA,2026-04-17,250.0,0.26,26355,1336,🚬菸屁股 🔥萬人塚,HOLD,2
NVDA,2027-01-15,280.0,8.3,19068,1265,🔭LEAPS埋伏,HOLD,2
NVDA,2026-04-17,240.0,0.41,26548,1132,🚬菸屁股 🔥萬人塚,HOLD,2
MSTR,2026-03-06,141.0,3.4,23625,1130,🚬菸屁股 🔥萬人塚,HOLD,2
TSLA,2026-04-17,500.0,2.55,21165,1068,🚬菸屁股 🔥萬人塚,HOLD,2
IBIT,2028-01-21,85.0,4.35,11948,1042,🔭LEAPS埋伏,HOLD,2
NVDA,2026-03-20,260.0,0.04,35369,964,🚬菸屁股 🔥萬人塚,HOLD,2
SOFI,2027-01-15,45.0,0.72,11864,847,🔭LEAPS埋伏,HOLD,2
SOFI,2027-01-15,27.0,2.3,16966,831,🔭LEAPS埋伏,HOLD,2
CRWV,2026-04-17,130.0,0.83,23891,828,🚬菸屁股 🔥萬人塚,HOLD,2
IREN,2026-03-20,60.0,0.33,23034,756,🚬菸屁股 🔥萬人塚,HOLD,2
SOFI,2028-06-16,20.0,7.45,12988,729,🔭LEAPS埋伏,HOLD,2
XYZ,2026-03-20,65.0,2.7,22257,696,🚬菸屁股 🔥萬人塚,HOLD,2
IBIT,2028-01-21,100.0,3.15,13176,639,🔭LEAPS埋伏,HOLD,2
CRWV,2026-03-20,120.0,0.25,29499,638,🚬菸屁股 🔥萬人塚,HOLD,2
NVDA,2027-01-15,185.0,32.95,13702,592,🔭LEAPS埋伏,HOLD,2
IBIT,2026-03-20,51.0,0.08,22477,548,🚬菸屁股 🔥萬人塚,HOLD,2
SOFI,2028-06-16,30.0,5.05,8568,545,🔭LEAPS埋伏,HOLD,2
SOFI,2026-03-20,30.0,0.03,29498,483,🚬菸屁股 🔥萬人塚,HOLD,2
NVDA,2027-01-15,270.0,9.6,18394,455,🔭LEAPS埋伏,HOLD,2
SOFI,2027-01-15,17.0,5.45,16065,442,🔭LEAPS埋伏,HOLD,2
IBIT,2028-01-21,70.0,6.2,15188,438,🔭LEAPS埋伏,HOLD,2
SOFI,2027-01-15,22.0,3.55,17070,417,🔭LEAPS埋伏,HOLD,2
TSLA,2027-01-15,600.0,28.55,13430,416,🔭LEAPS埋伏,HOLD,2
SOFI,2028-06-16,15.0,9.35,7484,404,🔭LEAPS埋伏,HOLD,2
OPEN,2027-01-15,15.0,0.51,7061,392,🔭LEAPS埋伏,HOLD,2
SOFI,2026-03-20,40.0,0.02,31545,389,🚬菸屁股 🔥萬人塚,HOLD,2
SOFI,2028-06-16,47.0,2.92,5646,385,🔭LEAPS埋伏,HOLD,2
TSLA,2026-05-15,470.0,12.4,23156,383,🚬菸屁股 🔥萬人塚,HOLD,2
HIMS,2027-01-15,15.0,6.65,2229,378,🔭LEAPS埋伏,HOLD,2
NVDA,2026-03-20,165.0,20.1,20770,373,🚬菸屁股 🔥萬人塚,HOLD,2
XYZ,2027-01-15,90.0,5.3,3954,362,🔭LEAPS埋伏,HOLD,2
SOFI,2028-01-21,30.0,4.25,11672,357,🔭LEAPS埋伏,HOLD,2
IBIT,2027-01-15,85.0,0.86,15190,341,🔭LEAPS埋伏,HOLD,2
SOFI,2027-01-15,32.0,1.53,13926,309,🔭LEAPS埋伏,HOLD,2
JOBY,2027-01-15,10.0,3.3,13814,308,🔭LEAPS埋伏,HOLD,2
CRWV,2026-03-20,115.0,0.37,25611,298,🚬菸屁股 🔥萬人塚,HOLD,2
CRWV,2026-03-20,125.0,0.2,23886,290,🚬菸屁股 🔥萬人塚,HOLD,2
SOFI,2028-01-21,25.0,5.35,8433,289,🔭LEAPS埋伏,HOLD,2
ACHR,2026-04-17,15.0,0.06,39493,280,🚬菸屁股 🔥萬人塚,HOLD,2
U,2027-01-15,40.0,1.62,13835,275,🔭LEAPS埋伏,HOLD,2
HIMS,2027-01-15,20.0,5.1,3685,275,🔭LEAPS埋伏,HOLD,2
ONDS,2028-01-21,7.0,7.5,3121,270,🔭LEAPS埋伏,HOLD,2
SMR,2027-01-15,22.0,3.35,1972,270,🔭LEAPS埋伏,HOLD,2
IBIT,2026-05-15,55.0,0.38,24290,260,🚬菸屁股 🔥萬人塚,HOLD,2
ONDS,2028-01-21,15.0,5.75,3270,258,🔭LEAPS埋伏,HOLD,2
CRWV,2026-03-20,130.0,0.17,29462,253,🚬菸屁股 🔥萬人塚,HOLD,2
SOFI,2028-06-16,18.0,8.05,2717,241,🔭LEAPS埋伏,HOLD,2
IREN,2026-03-20,65.0,0.22,22417,234,🚬菸屁股 🔥萬人塚,HOLD,2
ONDS,2028-01-21,5.0,7.9,2768,232,🔭LEAPS埋伏,HOLD,2
CRWV,2026-03-20,150.0,0.05,25029,229,🚬菸屁股 🔥萬人塚,HOLD,2
IREN,2027-01-15,110.0,4.85,15785,225,🔭LEAPS埋伏,HOLD,2
IREN,2027-01-15,90.0,6.65,2262,223,🔭LEAPS埋伏,HOLD,2
SOFI,2028-06-16,25.0,6.1,9734,215,🔭LEAPS埋伏,HOLD,2
SOFI,2028-01-21,20.0,6.65,9056,211,🔭LEAPS埋伏,HOLD,2
ONDS,2027-01-15,5.0,6.85,4697,210,🔭LEAPS埋伏,HOLD,2
IBIT,2027-01-15,65.0,2.04,14616,205,🔭LEAPS埋伏,HOLD,2
HIMS,2028-01-21,15.0,9.3,2175,203,🔭LEAPS埋伏,HOLD,2
ONDS,2027-01-15,17.0,3.0,5899,202,🔭LEAPS埋伏,HOLD,2
ACHR,2027-01-15,3.0,5.5,4694,202,🔭LEAPS埋伏,HOLD,2
ONDS,2028-01-21,12.0,5.7,8098,198,🔭LEAPS埋伏,HOLD,2
SMR,2027-01-15,17.0,4.3,1635,193,🔭LEAPS埋伏,HOLD,2
PATH,2027-01-15,17.0,1.76,18124,190,🔭LEAPS埋伏,HOLD,2
HIMS,2027-01-15,60.0,1.3,5757,187,🔭LEAPS埋伏,HOLD,2
HIMS,2028-01-21,20.0,7.85,2323,187,🔭LEAPS埋伏,HOLD,2
CRWV,2027-01-15,280.0,3.45,8563,182,🔭LEAPS埋伏,HOLD,2
AMD,2027-01-15,300.0,16.8,10178,174,🔭LEAPS埋伏,HOLD,2
OPEN,2027-01-15,5.0,1.82,10038,174,🔭LEAPS埋伏,HOLD,2
ONDS,2027-01-15,22.0,2.31,1874,171,🔭LEAPS埋伏,HOLD,2
ACHR,2028-01-21,10.0,2.95,11527,168,🔭LEAPS埋伏,HOLD,2
CRWV,2026-03-20,135.0,0.12,27630,168,🚬菸屁股 🔥萬人塚,HOLD,2
IBIT,2026-03-20,53.0,0.07,24987,164,🚬菸屁股 🔥萬人塚,HOLD,2
SOFI,2027-01-15,42.0,0.77,6495,160,🔭LEAPS埋伏,HOLD,2
OPEN,2028-01-21,10.0,1.76,7877,158,🔭LEAPS埋伏,HOLD,2
JOBY,2026-04-17,16.0,0.12,27507,157,🚬菸屁股 🔥萬人塚,HOLD,2
JOBY,2027-01-15,20.0,1.24,8930,157,🔭LEAPS埋伏,HOLD,2
NVDA,2027-01-15,160.0,46.0,110458,156,👑超級萬人塚,HOLD,2
ZM,2027-01-15,100.0,4.7,6531,152,🔭LEAPS埋伏,HOLD,2
ONDS,2027-01-15,25.0,2.0,5530,152,🔭LEAPS埋伏,HOLD,2
ACHR,2027-01-15,15.0,1.0,13336,151,🔭LEAPS埋伏,HOLD,2
HIMS,2028-01-21,95.0,3.0,2010,149,🔭LEAPS埋伏,HOLD,2
JOBY,2028-01-21,10.0,5.8,5278,148,🔭LEAPS埋伏,HOLD,2
HOOD,2027-01-15,150.0,5.3,9433,144,🔭LEAPS埋伏,HOLD,2
HIMS,2027-01-15,42.0,2.3,2519,142,🔭LEAPS埋伏,HOLD,2
SOFI,2027-01-15,47.0,0.63,14924,139,🔭LEAPS埋伏,HOLD,2
HIMS,2028-01-21,25.0,6.95,2694,139,🔭LEAPS埋伏,HOLD,2
ACHR,2028-01-21,7.0,3.65,13249,138,🔭LEAPS埋伏,HOLD,2
ZM,2027-01-15,90.0,7.2,2738,135,🔭LEAPS埋伏,HOLD,2
TDOC,2027-01-15,10.0,0.68,7963,126,🔭LEAPS埋伏,HOLD,2
HIMS,2027-01-15,40.0,2.4,4436,125,🔭LEAPS埋伏,HOLD,2
SMR,2027-01-15,20.0,3.65,7313,125,🔭LEAPS埋伏,HOLD,2
NVDA,2028-01-21,350.0,15.65,12516,124,🔭LEAPS埋伏,HOLD,2
U,2027-01-15,25.0,4.25,3574,124,🔭LEAPS埋伏,HOLD,2
ACHR,2028-01-21,15.0,2.15,11159,123,🔭LEAPS埋伏,HOLD,2
ACHR,2027-01-15,5.0,3.75,14352,122,🔭LEAPS埋伏,HOLD,2
IONQ,2027-01-15,55.0,8.9,2351,121,🔭LEAPS埋伏,HOLD,2
ONDS,2028-01-21,4.0,8.5,2451,120,🔭LEAPS埋伏,HOLD,2
SMR,2027-01-15,15.0,4.7,3787,118,🔭LEAPS埋伏,HOLD,2
PATH,2028-01-21,37.0,1.7,3030,117,🔭LEAPS埋伏,HOLD,2
SMR,2027-01-15,30.0,2.17,3877,115,🔭LEAPS埋伏,HOLD,2
NBIS,2027-01-15,200.0,9.85,9092,111,🔭LEAPS埋伏,HOLD,2
SOFI,2028-01-21,23.0,5.8,2448,110,🔭LEAPS埋伏,HOLD,2
SOFI,2028-01-21,40.0,2.83,7934,106,🔭LEAPS埋伏,HOLD,2
SOFI,2028-06-16,23.0,6.6,2538,105,🔭LEAPS埋伏,HOLD,2
ZM,2027-01-15,120.0,2.53,2008,104,🔭LEAPS埋伏,HOLD,2
HOOD,2027-01-15,130.0,7.9,3448,103,🔭LEAPS埋伏,HOLD,2
PATH,2028-01-21,15.0,3.9,8796,101,🔭LEAPS埋伏,HOLD,2
OPEN,2028-01-21,5.0,2.65,4574,100,🔭LEAPS埋伏,HOLD,2
HIMS,2028-01-21,50.0,4.7,2104,98,🔭LEAPS埋伏,HOLD,2
ACHR,2027-01-15,20.0,0.7,17354,98,🔭LEAPS埋伏,HOLD,2
SOFI,2028-01-21,18.0,7.35,1682,96,🔭LEAPS埋伏,HOLD,2
IREN,2027-01-15,70.0,9.5,7835,96,🔭LEAPS埋伏,HOLD,2
HIMS,2027-01-15,17.0,6.0,2071,94,🔭LEAPS埋伏,HOLD,2
PATH,2027-01-15,12.0,2.87,8596,90,🔭LEAPS埋伏,HOLD,2
SOFI,2028-06-16,27.0,5.9,2809,89,🔭LEAPS埋伏,HOLD,2
PATH,2027-01-15,25.0,0.91,14258,87,🔭LEAPS埋伏,HOLD,2
IBIT,2027-01-15,75.0,1.28,13451,83,🔭LEAPS埋伏,HOLD,2
PATH,2027-01-15,37.0,0.49,2123,80,🔭LEAPS埋伏,HOLD,2
PATH,2028-01-21,10.0,5.35,4596,80,🔭LEAPS埋伏,HOLD,2
OPEN,2028-01-21,15.0,1.4,8390,80,🔭LEAPS埋伏,HOLD,2
OPEN,2028-01-21,15.0,1.6,2406,80,🔭LEAPS埋伏,HOLD,2
SMCI,2027-01-15,41.0,6.1,2483,78,🔭LEAPS埋伏,HOLD,2
SMCI,2027-01-15,60.0,2.85,10018,77,🔭LEAPS埋伏,HOLD,2
HOOD,2027-01-15,140.0,6.7,2154,77,🔭LEAPS埋伏,HOLD,2
ONDS,2027-01-15,5.5,6.55,3333,77,🔭LEAPS埋伏,HOLD,2
XYZ,2027-01-15,130.0,1.5,1883,75,🔭LEAPS埋伏,HOLD,2
TSLA,2027-01-15,700.0,17.95,15008,74,🔭LEAPS埋伏,HOLD,2
IBIT,2026-03-20,75.0,0.01,38490,73,🚬菸屁股 🔥萬人塚,HOLD,2
ACHR,2027-01-15,27.0,0.45,4766,73,🔭LEAPS埋伏,HOLD,2
NVDA,2028-01-21,230.0,36.35,10948,69,🔭LEAPS埋伏,HOLD,2
IBIT,2026-03-20,65.0,0.02,38567,69,🚬菸屁股 🔥萬人塚,HOLD,2
PATH,2028-01-21,30.0,1.68,5270,67,🔭LEAPS埋伏,HOLD,2
HIMS,2028-01-21,90.0,3.65,2385,64,🔭LEAPS埋伏,HOLD,2
TSLA,2027-01-15,800.0,11.85,10563,63,🔭LEAPS埋伏,HOLD,2
SOFI,2028-01-21,15.0,8.6,7507,63,🔭LEAPS埋伏,HOLD,2
SOFI,2028-01-21,27.0,4.8,3499,63,🔭LEAPS埋伏,HOLD,2
SOFI,2028-01-21,35.0,3.45,5297,63,🔭LEAPS埋伏,HOLD,2
SOFI,2028-06-16,45.0,3.05,3211,63,🔭LEAPS埋伏,HOLD,2
PACB,2027-01-15,5.0,0.35,2719,62,🔭LEAPS埋伏,HOLD,2
PATH,2027-01-15,10.0,3.55,8058,61,🔭LEAPS埋伏,HOLD,2
HOOD,2027-01-15,170.0,3.75,8646,61,🔭LEAPS埋伏,HOLD,2
LUNR,2027-01-15,20.0,6.5,12587,59,🔭LEAPS埋伏,HOLD,2
JOBY,2027-01-15,15.0,1.9,9923,59,🔭LEAPS埋伏,HOLD,2
IBIT,2026-03-20,70.0,0.02,39025,57,🚬菸屁股 🔥萬人塚,HOLD,2
HIMS,2027-01-15,50.0,1.65,13712,56,🔭LEAPS埋伏,HOLD,2
PATH,2028-01-21,20.0,2.74,5421,55,🔭LEAPS埋伏,HOLD,2
ONDS,2027-01-15,4.5,7.8,1851,55,🔭LEAPS埋伏,HOLD,2
SMCI,2027-01-15,50.0,4.15,12201,51,🔭LEAPS埋伏,HOLD,2
SOFI,2027-01-15,37.0,1.17,2704,51,🔭LEAPS埋伏,HOLD,2
HIMS,2027-01-15,45.0,2.01,2644,49,🔭LEAPS埋伏,HOLD,2
SMR,2027-01-15,85.0,0.65,1959,48,🔭LEAPS埋伏,HOLD,2
SOFI,2028-06-16,32.0,4.75,6993,44,🔭LEAPS埋伏,HOLD,2
DKNG,2027-01-15,35.0,2.5,6054,44,🔭LEAPS埋伏,HOLD,2
HIMS,2028-01-21,30.0,6.2,2156,43,🔭LEAPS埋伏,HOLD,2
ACHR,2028-01-21,27.0,1.37,12971,42,🔭LEAPS埋伏,HOLD,2
TSLA,2027-01-15,900.0,8.1,12554,41,🔭LEAPS埋伏,HOLD,2
HIMS,2028-01-21,35.0,5.6,2316,41,🔭LEAPS埋伏,HOLD,2
ACHR,2028-01-21,20.0,1.79,4384,41,🔭LEAPS埋伏,HOLD,2
SMR,2027-01-15,80.0,0.66,3638,41,🔭LEAPS埋伏,HOLD,2
SMR,2028-01-21,15.0,6.85,2930,41,🔭LEAPS埋伏,HOLD,2
SMR,2027-01-15,50.0,1.23,3512,38,🔭LEAPS埋伏,HOLD,2
SMR,2027-01-15,25.0,2.94,3236,36,🔭LEAPS埋伏,HOLD,2
IBIT,2026-05-15,70.0,0.12,22085,35,🚬菸屁股 🔥萬人塚,HOLD,2
RKLB,2027-01-15,145.0,8.85,5414,34,🔭LEAPS埋伏,HOLD,2
SOFI,2028-06-16,35.0,4.3,3705,34,🔭LEAPS埋伏,HOLD,2
IREN,2027-01-15,75.0,9.25,2219,34,🔭LEAPS埋伏,HOLD,2
IREN,2027-01-15,80.0,8.15,7206,34,🔭LEAPS埋伏,HOLD,2
LUNR,2027-01-15,15.0,8.25,4907,34,🔭LEAPS埋伏,HOLD,2
DKNG,2027-01-15,25.0,5.4,5201,33,🔭LEAPS埋伏,HOLD,2
HOOD,2027-01-15,120.0,9.5,7413,32,🔭LEAPS埋伏,HOLD,2
ACHR,2027-01-15,22.0,0.61,5047,32,🔭LEAPS埋伏,HOLD,2
OPEN,2027-01-15,7.0,1.49,13051,31,🔭LEAPS埋伏,HOLD,2
HIMS,2027-01-15,35.0,2.79,3060,31,🔭LEAPS埋伏,HOLD,2
SMCI,2027-01-15,30.0,9.85,4969,30,🔭LEAPS埋伏,HOLD,2
UPST,2027-01-15,135.0,0.78,5111,30,🔭LEAPS埋伏,HOLD,2
OPEN,2027-01-15,12.0,0.66,2746,30,🔭LEAPS埋伏,HOLD,2
ONDS,2027-01-15,3.0,8.3,1540,30,🔭LEAPS埋伏,HOLD,2
TDOC,2027-01-15,15.0,0.39,6904,29,🔭LEAPS埋伏,HOLD,2
SMCI,2028-01-21,50.0,8.5,1914,28,🔭LEAPS埋伏,HOLD,2
PATH,2028-01-21,17.0,3.75,2936,28,🔭LEAPS埋伏,HOLD,2
NTLA,2027-01-15,20.0,4.5,1480,28,🔭LEAPS埋伏,HOLD,2
SOFI,2028-06-16,42.0,3.85,2877,26,🔭LEAPS埋伏,HOLD,2
OPEN,2027-01-15,15.0,0.85,5762,25,🔭LEAPS埋伏,HOLD,2
PATH,2028-01-21,22.0,2.56,3823,24,🔭LEAPS埋伏,HOLD,2
UPST,2027-01-15,100.0,1.29,6628,23,🔭LEAPS埋伏,HOLD,2
JOBY,2028-01-21,15.0,4.0,5045,23,🔭LEAPS埋伏,HOLD,2
TSLA,2027-01-15,950.0,6.8,16962,22,🔭LEAPS埋伏,HOLD,2
UPST,2027-01-15,50.0,4.05,2393,22,🔭LEAPS埋伏,HOLD,2
DKNG,2027-01-15,40.0,1.58,4304,22,🔭LEAPS埋伏,HOLD,2
JOBY,2028-01-21,20.0,2.9,3821,22,🔭LEAPS埋伏,HOLD,2
ACHR,2027-01-15,17.0,0.83,7616,22,🔭LEAPS埋伏,HOLD,2
PATH,2028-01-21,12.0,4.3,6489,21,🔭LEAPS埋伏,HOLD,2
HOOD,2028-01-21,290.0,5.25,2709,21,🔭LEAPS埋伏,HOLD,2
XYZ,2027-01-15,85.0,6.4,1816,21,🔭LEAPS埋伏,HOLD,2
DKNG,2027-01-15,60.0,0.45,9183,20,🔭LEAPS埋伏,HOLD,2
OPEN,2028-01-21,7.0,2.52,5646,20,🔭LEAPS埋伏,HOLD,2
COIN,2027-01-15,880.0,1.05,10106,19,🔭LEAPS埋伏,HOLD,2
OKLO,2028-01-21,200.0,14.55,51861,19,👑超級萬人塚,HOLD,2
U,2028-01-21,20.0,8.2,5284,19,🔭LEAPS埋伏,HOLD,2
HOOD,2027-01-15,125.0,8.4,1741,19,🔭LEAPS埋伏,HOLD,2
ACHR,2028-01-21,5.0,4.45,2897,18,🔭LEAPS埋伏,HOLD,2
HOOD,2027-01-15,160.0,4.5,3475,17,🔭LEAPS埋伏,HOLD,2
OPEN,2027-01-15,4.0,2.21,2540,17,🔭LEAPS埋伏,HOLD,2
JOBY,2027-01-15,12.0,2.6,7181,17,🔭LEAPS埋伏,HOLD,2
JOBY,2027-01-15,25.0,0.85,3689,17,🔭LEAPS埋伏,HOLD,2
JOBY,2027-01-15,30.0,0.62,5929,17,🔭LEAPS埋伏,HOLD,2
SOFI,2028-01-21,42.0,2.73,8391,16,🔭LEAPS埋伏,HOLD,2
U,2027-01-15,20.0,5.65,2004,16,🔭LEAPS埋伏,HOLD,2
U,2027-01-15,42.0,1.57,7519,16,🔭LEAPS埋伏,HOLD,2
LUNR,2027-01-15,22.0,6.0,8961,16,🔭LEAPS埋伏,HOLD,2
SMR,2027-01-15,35.0,1.97,2334,16,🔭LEAPS埋伏,HOLD,2
CRWV,2026-03-20,165.0,0.12,45876,16,🚬菸屁股 🔥萬人塚,HOLD,2
IONQ,2027-01-15,50.0,9.65,4354,15,🔭LEAPS埋伏,HOLD,2
SOFI,2028-01-21,47.0,2.29,3070,15,🔭LEAPS埋伏,HOLD,2
SMR,2027-01-15,10.0,6.75,1888,15,🔭LEAPS埋伏,HOLD,2
PATH,2028-01-21,8.0,7.85,1858,14,🔭LEAPS埋伏,HOLD,2
JOBY,2027-01-15,17.0,1.63,5130,14,🔭LEAPS埋伏,HOLD,2
IONQ,2027-01-15,60.0,7.7,1875,13,🔭LEAPS埋伏,HOLD,2
SOFI,2028-06-16,37.0,4.2,2155,13,🔭LEAPS埋伏,HOLD,2
U,2028-01-21,45.0,4.0,3884,13,🔭LEAPS埋伏,HOLD,2
HOOD,2027-01-15,135.0,7.3,2855,13,🔭LEAPS埋伏,HOLD,2
ACHR,2027-01-15,4.0,4.3,4765,13,🔭LEAPS埋伏,HOLD,2
UPST,2027-01-15,60.0,2.78,1938,12,🔭LEAPS埋伏,HOLD,2
IREN,2027-01-15,100.0,5.85,7633,12,🔭LEAPS埋伏,HOLD,2
U,2028-01-21,75.0,1.79,4774,12,🔭LEAPS埋伏,HOLD,2
HIMS,2027-01-15,10.0,8.95,3431,12,🔭LEAPS埋伏,HOLD,2
LUNR,2028-01-21,40.0,6.3,1869,12,🔭LEAPS埋伏,HOLD,2
SMR,2027-01-15,40.0,1.6,2377,12,🔭LEAPS埋伏,HOLD,2
TSLA,2026-03-20,880.0,0.01,24691,11,🚬菸屁股 🔥萬人塚,HOLD,2
PACB,2028-01-21,1.5,1.15,6655,11,🔭LEAPS埋伏,HOLD,2
LUNR,2027-01-15,17.0,7.5,3331,11,🔭LEAPS埋伏,HOLD,2
HOOD,2027-01-15,180.0,3.25,9153,10,🔭LEAPS埋伏,HOLD,2
OPEN,2027-01-15,17.0,0.67,14392,10,🔭LEAPS埋伏,HOLD,2
NTLA,2027-01-15,17.5,6.9,1203,10,🔭LEAPS埋伏,HOLD,2
JOBY,2028-01-21,32.0,2.08,6515,10,🔭LEAPS埋伏,HOLD,2
NNE,2027-01-15,90.0,1.55,2257,10,🔭LEAPS埋伏,HOLD,2
CRWV,2027-01-15,210.0,6.4,1532,10,🔭LEAPS埋伏,HOLD,2
IONQ,2027-01-15,75.0,5.85,2758,9,🔭LEAPS埋伏,HOLD,2
HOOD,2027-01-15,290.0,0.8,2310,9,🔭LEAPS埋伏,HOLD,2
XYZ,2027-01-15,80.0,7.7,1998,9,🔭LEAPS埋伏,HOLD,2
JOBY,2028-01-21,30.0,2.0,1808,9,🔭LEAPS埋伏,HOLD,2
IONQ,2027-01-15,100.0,3.55,2541,8,🔭LEAPS埋伏,HOLD,2
UPST,2028-01-21,50.0,8.7,1594,8,🔭LEAPS埋伏,HOLD,2
U,2027-01-15,30.0,2.98,5108,8,🔭LEAPS埋伏,HOLD,2
PATH,2028-01-21,5.0,7.15,2052,8,🔭LEAPS埋伏,HOLD,2
PATH,2028-01-21,25.0,2.15,10595,8,🔭LEAPS埋伏,HOLD,2
XYZ,2027-01-15,100.0,3.8,4930,8,🔭LEAPS埋伏,HOLD,2
JOBY,2027-01-15,7.0,4.75,6832,8,🔭LEAPS埋伏,HOLD,2
CRWV,2027-01-15,200.0,6.65,3821,8,🔭LEAPS埋伏,HOLD,2
CRWV,2027-01-15,240.0,5.05,2549,8,🔭LEAPS埋伏,HOLD,2
PATH,2027-01-15,8.0,4.55,2163,7,🔭LEAPS埋伏,HOLD,2
HOOD,2027-01-15,190.0,2.7,4083,7,🔭LEAPS埋伏,HOLD,2
TDOC,2027-01-15,5.0,1.68,2652,7,🔭LEAPS埋伏,HOLD,2
OPEN,2028-01-21,4.0,3.1,2463,7,🔭LEAPS埋伏,HOLD,2
LUNR,2027-01-15,25.0,5.45,1768,7,🔭LEAPS埋伏,HOLD,2
LUNR,2027-01-15,37.0,3.6,3238,7,🔭LEAPS埋伏,HOLD,2
JOBY,2027-01-15,22.0,1.0,1850,7,🔭LEAPS埋伏,HOLD,2
SMCI,2027-01-15,55.0,3.45,5072,6,🔭LEAPS埋伏,HOLD,2
UPST,2027-01-15,80.0,1.81,4495,6,🔭LEAPS埋伏,HOLD,2
HOOD,2027-01-15,200.0,2.74,8045,6,🔭LEAPS埋伏,HOLD,2
OPEN,2027-01-15,3.0,3.85,1676,6,🔭LEAPS埋伏,HOLD,2
PACB,2028-01-21,2.0,1.1,4277,6,🔭LEAPS埋伏,HOLD,2
NNE,2027-01-15,40.0,5.2,1930,6,🔭LEAPS埋伏,HOLD,2
NVDA,2026-03-20,360.0,0.01,22830,5,🚬菸屁股 🔥萬人塚,HOLD,2
NTLA,2027-01-15,10.0,8.2,2139,5,🔭LEAPS埋伏,HOLD,2
LUNR,2027-01-15,30.0,4.4,2074,5,🔭LEAPS埋伏,HOLD,2
SMCI,2027-01-15,70.0,2.1,7522,4,🔭LEAPS埋伏,HOLD,2
SMCI,2028-01-21,85.0,5.6,15150,4,🔭LEAPS埋伏,HOLD,2
SMCI,2028-01-21,105.0,3.65,3384,4,🔭LEAPS埋伏,HOLD,2
OKLO,2027-01-15,150.0,7.45,12902,4,🔭LEAPS埋伏,HOLD,2
OKLO,2027-01-15,200.0,4.6,3559,4,🔭LEAPS埋伏,HOLD,2
OKLO,2027-01-15,260.0,2.79,5105,4,🔭LEAPS埋伏,HOLD,2
HIMS,2027-01-15,80.0,0.97,2786,4,🔭LEAPS埋伏,HOLD,2
LUNR,2027-01-15,12.0,9.5,2509,4,🔭LEAPS埋伏,HOLD,2
ACHR,2028-01-21,12.0,2.6,2867,4,🔭LEAPS埋伏,HOLD,2
IBIT,2026-03-20,90.0,0.01,29849,3,🚬菸屁股 🔥萬人塚,HOLD,2
IBIT,2027-01-15,120.0,0.36,17338,3,🔭LEAPS埋伏,HOLD,2
SMCI,2027-01-15,42.0,5.75,1675,3,🔭LEAPS埋伏,HOLD,2
SMCI,2027-01-15,80.0,1.58,13513,3,🔭LEAPS埋伏,HOLD,2
XYZ,2027-01-15,115.0,2.44,1555,3,🔭LEAPS埋伏,HOLD,2
OPEN,2027-01-15,0.5,5.45,8294,3,🔭LEAPS埋伏,HOLD,2
OPEN,2027-01-15,12.0,0.85,9025,3,🔭LEAPS埋伏,HOLD,2
OPEN,2028-01-21,12.0,1.99,2842,3,🔭LEAPS埋伏,HOLD,2
HIMS,2027-01-15,75.0,1.02,1800,3,🔭LEAPS埋伏,HOLD,2
HIMS,2027-01-15,100.0,0.8,3836,3,🔭LEAPS埋伏,HOLD,2
HIMS,2027-01-15,105.0,0.7,3533,3,🔭LEAPS埋伏,HOLD,2
JOBY,2027-01-15,40.0,0.44,3374,3,🔭LEAPS埋伏,HOLD,2
JOBY,2028-01-21,12.0,5.3,2754,3,🔭LEAPS埋伏,HOLD,2
IBIT,2026-03-20,100.0,0.01,26921,2,🚬菸屁股 🔥萬人塚,HOLD,2
IBIT,2028-06-16,90.0,5.45,11377,2,🔭LEAPS埋伏,HOLD,2
SMCI,2027-01-15,100.0,1.03,3255,2,🔭LEAPS埋伏,HOLD,2
SMCI,2027-01-15,105.0,0.95,6178,2,🔭LEAPS埋伏,HOLD,2
DKNG,2027-01-15,42.0,1.72,1503,2,🔭LEAPS埋伏,HOLD,2
DKNG,2027-01-15,45.0,1.15,5420,2,🔭LEAPS埋伏,HOLD,2
DKNG,2028-01-21,40.0,4.2,2868,2,🔭LEAPS埋伏,HOLD,2
IREN,2027-01-15,85.0,7.25,2499,2,🔭LEAPS埋伏,HOLD,2
TDOC,2027-01-15,25.0,0.22,2659,2,🔭LEAPS埋伏,HOLD,2
ZM,2027-01-15,110.0,3.6,3078,2,🔭LEAPS埋伏,HOLD,2
OPEN,2027-01-15,4.5,2.31,2055,2,🔭LEAPS埋伏,HOLD,2
NTLA,2027-01-15,35.0,2.5,2141,2,🔭LEAPS埋伏,HOLD,2
HIMS,2027-01-15,90.0,0.91,3503,2,🔭LEAPS埋伏,HOLD,2
JOBY,2027-01-15,5.0,6.15,8594,2,🔭LEAPS埋伏,HOLD,2
CRWV,2027-01-15,165.0,9.85,5139,2,🔭LEAPS埋伏,HOLD,2
SMCI,2027-01-15,43.0,5.55,3970,1,🔭LEAPS埋伏,HOLD,2
SMCI,2027-01-15,85.0,1.43,3482,1,🔭LEAPS埋伏,HOLD,2
IONQ,2027-01-15,90.0,4.55,2063,1,🔭LEAPS埋伏,HOLD,2
UPST,2027-01-15,125.0,1.08,2083,1,🔭LEAPS埋伏,HOLD,2
DKNG,2027-01-15,55.0,0.61,6635,1,🔭LEAPS埋伏,HOLD,2
IREN,2027-01-15,95.0,6.2,6270,1,🔭LEAPS埋伏,HOLD,2
U,2028-01-21,23.0,7.0,4988,1,🔭LEAPS埋伏,HOLD,2
HOOD,2027-01-15,175.0,3.9,3848,1,🔭LEAPS埋伏,HOLD,2
TDOC,2028-01-21,7.0,1.8,1651,1,🔭LEAPS埋伏,HOLD,2
OPEN,2027-01-15,2.0,3.8,15614,1,🔭LEAPS埋伏,HOLD,2
OPEN,2027-01-15,2.5,3.45,6257,1,🔭LEAPS埋伏,HOLD,2
OPEN,2027-01-15,3.0,3.0,18360,1,🔭LEAPS埋伏,HOLD,2
OPEN,2028-01-21,12.0,1.86,3521,1,🔭LEAPS埋伏,HOLD,2
CRSP,2027-01-15,80.0,9.0,1331,1,🔭LEAPS埋伏,HOLD,2
NTLA,2027-01-15,15.0,6.0,3281,1,🔭LEAPS埋伏,HOLD,2
JOBY,2028-01-21,17.0,3.8,2032,1,🔭LEAPS埋伏,HOLD,2
TSLA,2026-03-20,870.0,0.02,21471,0,🚬菸屁股 🔥萬人塚,HOLD,2
TSLA,2026-04-17,990.0,0.05,21570,0,🚬菸屁股 🔥萬人塚,HOLD,2
IBIT,2026-03-20,80.0,0.01,39791,0,🚬菸屁股 🔥萬人塚,HOLD,2
IBIT,2026-05-15,62.0,0.19,46059,0,🚬菸屁股 🔥萬人塚,HOLD,2
IBIT,2027-01-15,135.0,0.28,12030,0,🔭LEAPS埋伏,HOLD,2
SMCI,2027-01-15,59.0,3.05,1845,0,🔭LEAPS埋伏,HOLD,2
SMCI,2027-01-15,65.0,2.5,3496,0,🔭LEAPS埋伏,HOLD,2
SMCI,2027-01-15,72.0,1.99,3741,0,🔭LEAPS埋伏,HOLD,2
SMCI,2028-01-21,90.0,4.15,2905,0,🔭LEAPS埋伏,HOLD,2
VST,2027-01-15,290.0,8.65,3443,0,🔭LEAPS埋伏,HOLD,2
SOFI,2028-01-21,37.0,3.2,1628,0,🔭LEAPS埋伏,HOLD,2
DKNG,2027-01-15,50.0,0.74,13816,0,🔭LEAPS埋伏,HOLD,2
DKNG,2027-01-15,70.0,0.36,3810,0,🔭LEAPS埋伏,HOLD,2
DKNG,2028-01-21,30.0,6.95,2019,0,🔭LEAPS埋伏,HOLD,2
DKNG,2028-01-21,42.5,4.15,1679,0,🔭LEAPS埋伏,HOLD,2
DKNG,2028-01-21,60.0,2.02,4585,0,🔭LEAPS埋伏,HOLD,2
DKNG,2028-01-21,65.0,1.5,3231,0,🔭LEAPS埋伏,HOLD,2
IREN,2027-01-15,105.0,5.35,3053,0,🔭LEAPS埋伏,HOLD,2
U,2027-01-15,37.0,1.99,2611,0,🔭LEAPS埋伏,HOLD,2
U,2027-01-15,60.0,0.82,1567,0,🔭LEAPS埋伏,HOLD,2
U,2027-01-15,65.0,0.75,2918,0,🔭LEAPS埋伏,HOLD,2
U,2027-01-15,75.0,0.58,1848,0,🔭LEAPS埋伏,HOLD,2
U,2028-01-21,30.0,5.55,3566,0,🔭LEAPS埋伏,HOLD,2
U,2028-01-21,65.0,2.13,2149,0,🔭LEAPS埋伏,HOLD,2
U,2028-01-21,70.0,1.92,1811,0,🔭LEAPS埋伏,HOLD,2
PATH,2027-01-15,22.0,1.14,8380,0,🔭LEAPS埋伏,HOLD,2
PATH,2027-01-15,27.0,0.77,5150,0,🔭LEAPS埋伏,HOLD,2
HOOD,2027-01-15,185.0,2.99,2424,0,🔭LEAPS埋伏,HOLD,2
TDOC,2027-01-15,12.5,0.5,1698,0,🔭LEAPS埋伏,HOLD,2
TDOC,2027-01-15,17.5,0.31,1949,0,🔭LEAPS埋伏,HOLD,2
TDOC,2027-01-15,20.0,0.3,8808,0,🔭LEAPS埋伏,HOLD,2
TDOC,2027-01-15,22.5,0.3,4416,0,🔭LEAPS埋伏,HOLD,2
ZM,2027-01-15,130.0,1.65,1697,0,🔭LEAPS埋伏,HOLD,2
XYZ,2027-01-15,125.0,1.81,5178,0,🔭LEAPS埋伏,HOLD,2
OPEN,2027-01-15,0.5,0.0,10843,0,🔭LEAPS埋伏,HOLD,2
OPEN,2027-01-15,2.5,0.0,6713,0,🔭LEAPS埋伏,HOLD,2
OPEN,2027-01-15,3.5,0.0,10804,0,🔭LEAPS埋伏,HOLD,2
OPEN,2027-01-15,3.5,2.87,11734,0,🔭LEAPS埋伏,HOLD,2
OPEN,2027-01-15,4.5,0.0,2082,0,🔭LEAPS埋伏,HOLD,2
OPEN,2027-01-15,5.5,0.0,4378,0,🔭LEAPS埋伏,HOLD,2
OPEN,2027-01-15,5.5,1.97,4475,0,🔭LEAPS埋伏,HOLD,2
OPEN,2027-01-15,17.0,0.0,14524,0,🔭LEAPS埋伏,HOLD,2
OPEN,2028-01-21,5.0,3.05,3633,0,🔭LEAPS埋伏,HOLD,2
NTLA,2027-01-15,30.0,2.5,2486,0,🔭LEAPS埋伏,HOLD,2
NTLA,2028-01-21,42.0,5.0,3772,0,🔭LEAPS埋伏,HOLD,2
PACB,2027-01-15,1.0,1.3,2470,0,🔭LEAPS埋伏,HOLD,2
PACB,2027-01-15,1.5,1.15,3063,0,🔭LEAPS埋伏,HOLD,2
PACB,2027-01-15,2.0,0.6,5177,0,🔭LEAPS埋伏,HOLD,2
PACB,2027-01-15,3.0,0.45,2218,0,🔭LEAPS埋伏,HOLD,2
PACB,2027-01-15,4.0,0.35,1652,0,🔭LEAPS埋伏,HOLD,2
HIMS,2027-01-15,70.0,1.12,1553,0,🔭LEAPS埋伏,HOLD,2
LUNR,2027-01-15,32.0,4.3,2311,0,🔭LEAPS埋伏,HOLD,2
JOBY,2027-01-15,4.0,6.8,2618,0,🔭LEAPS埋伏,HOLD,2
JOBY,2027-01-15,35.0,0.51,2496,0,🔭LEAPS埋伏,HOLD,2
ACHR,2028-01-21,3.0,5.5,1718,0,🔭LEAPS埋伏,HOLD,2
NNE,2027-01-15,30.0,7.5,2313,0,🔭LEAPS埋伏,HOLD,2
NVDA,2026-03-06,180.0,5.15,14038,36730,🚬菸屁股,HOLD,1
NVDA,2026-03-06,187.5,1.44,16015,33783,🚬菸屁股,HOLD,1
IBIT,2026-03-06,40.0,0.64,18801,23810,🚬菸屁股,HOLD,1
SOFI,2026-03-06,19.0,0.32,10827,19757,🚬菸屁股,HOLD,1
SOFI,2026-03-06,20.0,0.09,14714,18133,🚬菸屁股,HOLD,1
PLTR,2026-03-06,144.0,4.5,10353,16615,🚬菸屁股,HOLD,1
SOFI,2026-03-06,18.0,0.82,7195,15875,🚬菸屁股,HOLD,1
NVDA,2026-03-13,195.0,1.18,17885,13893,🚬菸屁股,HOLD,1
IREN,2026-03-06,45.0,0.66,7951,13477,🚬菸屁股,HOLD,1
SOFI,2026-03-06,18.5,0.54,4991,13003,🚬菸屁股,HOLD,1
HOOD,2026-03-06,85.0,0.55,12748,10781,🚬菸屁股,HOLD,1
TSLA,2026-03-06,425.0,1.05,13620,10747,🚬菸屁股,HOLD,1
NVDA,2026-03-13,190.0,2.36,13043,10691,🚬菸屁股,HOLD,1
NVDA,2026-03-13,200.0,0.57,15019,10014,🚬菸屁股,HOLD,1
HOOD,2026-03-06,80.0,2.03,12178,9281,🚬菸屁股,HOLD,1
HIMS,2026-03-06,15.5,1.28,5468,8592,🚬菸屁股,HOLD,1
OPEN,2026-03-06,6.0,0.03,14185,7721,🚬菸屁股,HOLD,1
OPEN,2026-03-06,5.5,0.06,13149,7639,🚬菸屁股,HOLD,1
ONDS,2026-03-06,10.5,0.75,5177,7097,🚬菸屁股,HOLD,1
IBIT,2026-03-06,38.5,1.46,11929,7001,🚬菸屁股,HOLD,1
AMD,2026-03-06,205.0,2.56,10049,6476,🚬菸屁股,HOLD,1
NVDA,2026-03-06,205.0,0.03,14535,6354,🚬菸屁股,HOLD,1
IBIT,2026-03-06,39.0,1.13,14925,6230,🚬菸屁股,HOLD,1
NVDA,2026-03-20,215.0,0.43,19848,6180,🚬菸屁股,HOLD,1
IREN,2026-03-06,46.0,0.46,5030,6159,🚬菸屁股,HOLD,1
NVDA,2026-04-17,185.0,10.35,19380,6137,🚬菸屁股,HOLD,1
SOFI,2026-03-20,18.5,1.1,8277,6076,🚬菸屁股,HOLD,1
SOFI,2026-03-20,18.0,1.37,14943,5510,🚬菸屁股,HOLD,1
SOFI,2026-03-20,21.0,0.28,12566,5412,🚬菸屁股,HOLD,1
HOOD,2026-03-06,84.0,0.74,4266,5275,🚬菸屁股,HOLD,1
ONDS,2026-03-06,10.0,1.04,7546,4997,🚬菸屁股,HOLD,1
DKNG,2026-03-06,24.0,0.64,7986,4910,🚬菸屁股,HOLD,1
SMCI,2026-03-06,33.0,0.58,19392,4801,🚬菸屁股,HOLD,1
AMD,2026-03-20,240.0,0.76,12472,4606,🚬菸屁股,HOLD,1
HOOD,2026-03-20,80.0,4.4,8643,4602,🚬菸屁股,HOLD,1
CRWV,2026-03-06,85.0,1.17,3653,4471,🚬菸屁股,HOLD,1
NVDA,2026-04-17,180.0,13.0,18974,4469,🚬菸屁股,HOLD,1
SOFI,2026-03-06,20.5,0.04,4557,4382,🚬菸屁股,HOLD,1
SOFI,2026-03-13,19.0,0.62,2825,4320,🚬菸屁股,HOLD,1
NVDA,2026-04-17,195.0,6.15,17218,4318,🚬菸屁股,HOLD,1
DKNG,2026-03-06,24.5,0.4,4987,4263,🚬菸屁股,HOLD,1
DKNG,2026-03-06,23.5,0.89,4915,4183,🚬菸屁股,HOLD,1
OPEN,2026-03-06,5.0,0.24,9832,4183,🚬菸屁股,HOLD,1
DKNG,2026-03-06,25.5,0.16,5111,3977,🚬菸屁股,HOLD,1
HOOD,2026-03-06,79.0,2.5,11289,3632,🚬菸屁股,HOLD,1
TSLA,2026-03-20,450.0,2.1,13642,3559,🚬菸屁股,HOLD,1
HOOD,2026-03-06,82.0,1.27,3714,3509,🚬菸屁股,HOLD,1
HOOD,2026-03-06,86.0,0.41,2921,3436,🚬菸屁股,HOLD,1
SMCI,2026-03-06,32.0,0.99,3917,3413,🚬菸屁股,HOLD,1
NVDA,2026-03-20,202.5,1.39,15163,3404,🚬菸屁股,HOLD,1
HOOD,2026-03-06,83.0,0.97,4291,3324,🚬菸屁股,HOLD,1
IBIT,2026-03-06,38.0,1.81,10172,3272,🚬菸屁股,HOLD,1
NVDA,2026-03-13,205.0,0.28,12473,3184,🚬菸屁股,HOLD,1
SMCI,2026-03-06,34.0,0.32,5475,2968,🚬菸屁股,HOLD,1
IREN,2026-03-20,45.0,2.54,7683,2939,🚬菸屁股,HOLD,1
XYZ,2026-03-20,70.0,1.0,17680,2895,🚬菸屁股,HOLD,1
HOOD,2026-03-06,77.0,3.7,3147,2864,🚬菸屁股,HOLD,1
PLTR,2026-04-17,150.0,9.2,10520,2819,🚬菸屁股,HOLD,1
PLTR,2026-04-17,140.0,14.3,19751,2793,🚬菸屁股,HOLD,1
DKNG,2026-03-06,25.0,0.25,2900,2686,🚬菸屁股,HOLD,1
NVDA,2026-05-15,250.0,0.8,16175,2499,🚬菸屁股,HOLD,1
CRWV,2026-03-06,90.0,0.43,2715,2498,🚬菸屁股,HOLD,1
SOFI,2026-04-17,20.0,1.08,10029,2474,🚬菸屁股,HOLD,1
AMD,2026-03-20,220.0,2.86,12156,2442,🚬菸屁股,HOLD,1
HOOD,2026-03-06,78.0,3.05,3812,2328,🚬菸屁股,HOLD,1
NVDA,2026-05-15,185.0,13.7,15335,2297,🚬菸屁股,HOLD,1
NVDA,2026-03-06,215.0,0.02,12896,2295,🚬菸屁股,HOLD,1
IONQ,2026-04-17,45.0,2.42,6784,2292,🚬菸屁股,HOLD,1
HOOD,2026-03-06,76.0,4.35,2395,2278,🚬菸屁股,HOLD,1
NBIS,2026-03-06,100.0,1.0,1753,2258,🚬菸屁股,HOLD,1
SMCI,2026-03-06,33.5,0.43,14590,2215,🚬菸屁股,HOLD,1
JOBY,2026-03-06,13.0,0.02,5151,2162,🚬菸屁股,HOLD,1
CRWV,2026-03-06,86.0,0.94,1650,2090,🚬菸屁股,HOLD,1
SOFI,2026-03-06,22.0,0.02,11702,2081,🚬菸屁股,HOLD,1
OPEN,2026-03-13,6.0,0.06,4987,2053,🚬菸屁股,HOLD,1
RKLB,2026-03-20,80.0,2.95,5714,2042,🚬菸屁股,HOLD,1
IREN,2026-03-06,42.0,1.7,1992,1974,🚬菸屁股,HOLD,1
MSTR,2026-03-06,133.0,7.65,18527,1926,🚬菸屁股,HOLD,1
SOFI,2026-05-15,20.0,1.67,7489,1900,🚬菸屁股,HOLD,1
TSLA,2026-03-20,460.0,1.32,11666,1856,🚬菸屁股,HOLD,1
RKLB,2026-03-06,70.0,3.9,1238,1847,🚬菸屁股,HOLD,1
NVDA,2026-03-20,225.0,0.21,10945,1801,🚬菸屁股,HOLD,1
NVDA,2026-03-20,140.0,43.5,26154,1793,🔥萬人塚,HOLD,1
DKNG,2026-03-06,23.0,1.26,3588,1731,🚬菸屁股,HOLD,1
HOOD,2026-03-20,90.0,1.32,15199,1716,🚬菸屁股,HOLD,1
HIMS,2026-03-20,18.0,0.91,4363,1692,🚬菸屁股,HOLD,1
SMCI,2026-03-06,36.0,0.09,2373,1658,🚬菸屁股,HOLD,1
SOFI,2026-04-17,19.0,1.49,3597,1630,🚬菸屁股,HOLD,1
OPEN,2026-05-15,10.0,0.12,17288,1570,🚬菸屁股,HOLD,1
HIMS,2026-03-06,19.0,0.09,1940,1561,🚬菸屁股,HOLD,1
OPEN,2026-03-20,6.0,0.12,14180,1560,🚬菸屁股,HOLD,1
SOFI,2026-04-17,18.0,1.98,2614,1558,🚬菸屁股,HOLD,1
OPEN,2026-05-15,5.0,0.89,5720,1548,🚬菸屁股,HOLD,1
CRWV,2026-03-20,95.0,1.92,13345,1525,🚬菸屁股,HOLD,1
IREN,2026-03-20,50.0,1.2,17736,1518,🚬菸屁股,HOLD,1
XYZ,2026-03-06,65.0,1.33,18324,1515,🚬菸屁股,HOLD,1
AMD,2026-03-20,250.0,0.41,19415,1506,🚬菸屁股,HOLD,1
HOOD,2026-04-17,100.0,1.68,6051,1484,🚬菸屁股,HOLD,1
HOOD,2026-03-20,95.0,0.72,11453,1476,🚬菸屁股,HOLD,1
IREN,2026-03-13,50.0,0.65,2274,1464,🚬菸屁股,HOLD,1
RKLB,2026-03-20,75.0,4.7,4178,1462,🚬菸屁股,HOLD,1
AMD,2026-04-17,220.0,7.55,11408,1457,🚬菸屁股,HOLD,1
SMCI,2026-03-06,37.0,0.05,1999,1445,🚬菸屁股,HOLD,1
IBIT,2026-03-20,38.0,2.65,13606,1392,🚬菸屁股,HOLD,1
HOOD,2026-03-06,87.0,0.31,2670,1387,🚬菸屁股,HOLD,1
NVDA,2026-04-17,170.0,19.4,11239,1383,🚬菸屁股,HOLD,1
NVDA,2026-04-17,260.0,0.17,14335,1382,🚬菸屁股,HOLD,1
SOFI,2026-04-17,25.0,0.2,16669,1381,🚬菸屁股,HOLD,1
NVDA,2026-05-15,195.0,9.35,12248,1315,🚬菸屁股,HOLD,1
SMCI,2026-05-15,35.0,3.15,13705,1296,🚬菸屁股,HOLD,1
ONDS,2026-03-20,16.0,0.23,5673,1296,🚬菸屁股,HOLD,1
IBIT,2026-03-20,54.0,0.06,11093,1276,🚬菸屁股,HOLD,1
SOFI,2026-04-17,22.0,0.54,6772,1261,🚬菸屁股,HOLD,1
HOOD,2026-03-20,100.0,0.37,11041,1254,🚬菸屁股,HOLD,1
OPEN,2026-03-20,7.0,0.05,9152,1232,🚬菸屁股,HOLD,1
PLTR,2026-03-20,200.0,0.1,10329,1228,🚬菸屁股,HOLD,1
IBIT,2026-03-20,37.0,3.35,10742,1190,🚬菸屁股,HOLD,1
PATH,2026-03-06,11.0,0.25,3281,1183,🚬菸屁股,HOLD,1
NVDA,2026-07-17,200.0,13.6,10949,1172,🚬菸屁股,HOLD,1
IREN,2026-03-20,55.0,0.6,16864,1164,🚬菸屁股,HOLD,1
HIMS,2026-04-17,20.0,1.06,5006,1151,🚬菸屁股,HOLD,1
RKLB,2026-03-13,75.0,3.5,1560,1143,🚬菸屁股,HOLD,1
CRWV,2026-03-06,100.0,0.06,3671,1139,🚬菸屁股,HOLD,1
NVDA,2026-03-06,225.0,0.01,13332,1110,🚬菸屁股,HOLD,1
ACHR,2026-04-17,8.0,0.74,7962,1094,🚬菸屁股,HOLD,1
PATH,2026-03-20,12.0,0.62,7297,1088,🚬菸屁股,HOLD,1
HOOD,2026-03-13,85.0,1.6,2673,1077,🚬菸屁股,HOLD,1
ONDS,2026-03-06,9.5,1.4,2636,1074,🚬菸屁股,HOLD,1
SMCI,2026-03-06,40.0,0.02,12625,1067,🚬菸屁股,HOLD,1
DKNG,2026-03-20,25.0,0.83,4207,1046,🚬菸屁股,HOLD,1
SOFI,2026-03-20,24.0,0.07,13625,1032,🚬菸屁股,HOLD,1
SOFI,2026-03-20,20.5,0.38,6026,1011,🚬菸屁股,HOLD,1
SOFI,2026-03-20,19.5,0.67,4210,1002,🚬菸屁股,HOLD,1
OPEN,2026-03-20,5.0,0.43,8855,993,🚬菸屁股,HOLD,1
NBIS,2026-03-06,110.0,0.16,1539,991,🚬菸屁股,HOLD,1
OPEN,2026-03-20,5.5,0.24,2494,978,🚬菸屁股,HOLD,1
CRWV,2026-03-20,90.0,2.84,7478,968,🚬菸屁股,HOLD,1
SOFI,2026-03-06,21.5,0.02,2964,957,🚬菸屁股,HOLD,1
U,2026-03-06,20.0,0.3,2486,955,🚬菸屁股,HOLD,1
ACHR,2026-03-06,7.0,0.79,3700,947,🚬菸屁股,HOLD,1
IBIT,2026-04-17,43.0,1.41,16062,946,🚬菸屁股,HOLD,1
IBIT,2026-03-20,46.0,0.21,19269,919,🚬菸屁股,HOLD,1
IBIT,2026-03-20,39.0,2.03,11924,904,🚬菸屁股,HOLD,1
ZM,2026-03-20,80.0,0.67,2143,896,🚬菸屁股,HOLD,1
PATH,2026-03-20,11.0,0.96,3297,893,🚬菸屁股,HOLD,1
SOFI,2026-04-17,27.0,0.12,5924,883,🚬菸屁股,HOLD,1
SOFI,2026-03-20,21.5,0.21,1509,882,🚬菸屁股,HOLD,1
SOFI,2026-03-20,23.0,0.1,17458,876,🚬菸屁股,HOLD,1
XYZ,2026-03-20,75.0,0.33,2467,859,🚬菸屁股,HOLD,1
ONDS,2026-03-13,10.0,1.42,2666,852,🚬菸屁股,HOLD,1
SOFI,2026-04-17,24.0,0.27,12627,844,🚬菸屁股,HOLD,1
SMCI,2026-03-06,35.5,0.12,13618,825,🚬菸屁股,HOLD,1
SOFI,2026-04-17,21.0,0.77,4139,825,🚬菸屁股,HOLD,1
DKNG,2026-03-06,22.5,1.8,3461,821,🚬菸屁股,HOLD,1
HOOD,2026-04-17,110.0,0.85,5161,816,🚬菸屁股,HOLD,1
OPEN,2026-03-13,5.5,0.15,2659,811,🚬菸屁股,HOLD,1
SOFI,2026-03-13,22.0,0.06,5070,806,🚬菸屁股,HOLD,1
ASTS,2026-03-20,105.0,4.55,3927,781,🚬菸屁股,HOLD,1
SMCI,2026-03-13,32.0,1.58,1632,776,🚬菸屁股,HOLD,1
RKLB,2026-04-17,100.0,2.0,11096,769,🚬菸屁股,HOLD,1
SMCI,2026-03-20,45.0,0.11,13046,760,🚬菸屁股,HOLD,1
PATH,2026-03-06,11.5,0.11,2027,758,🚬菸屁股,HOLD,1
NVDA,2026-05-15,240.0,1.24,18071,733,🚬菸屁股,HOLD,1
RKLB,2026-03-20,85.0,2.0,3680,733,🚬菸屁股,HOLD,1
NBIS,2026-03-20,120.0,1.03,7671,727,🚬菸屁股,HOLD,1
IREN,2026-05-15,70.0,1.85,6815,726,🚬菸屁股,HOLD,1
OPEN,2026-04-17,6.0,0.31,5115,696,🚬菸屁股,HOLD,1
OPEN,2026-05-15,6.0,0.55,9590,686,🚬菸屁股,HOLD,1
CRWV,2026-03-20,105.0,0.83,4974,678,🚬菸屁股,HOLD,1
ASTS,2026-03-20,110.0,3.15,3272,669,🚬菸屁股,HOLD,1
IONQ,2026-03-20,50.0,0.41,8997,665,🚬菸屁股,HOLD,1
CRWV,2026-03-06,95.0,0.14,3179,661,🚬菸屁股,HOLD,1
HIMS,2026-04-17,25.0,0.4,2754,646,🚬菸屁股,HOLD,1
ONDS,2026-03-20,9.0,2.23,7770,644,🚬菸屁股,HOLD,1
ACHR,2026-04-17,7.0,1.2,5113,643,🚬菸屁股,HOLD,1
CRWV,2026-04-17,95.0,4.8,2126,641,🚬菸屁股,HOLD,1
SOFI,2026-05-15,19.0,2.07,1873,625,🚬菸屁股,HOLD,1
HOOD,2026-04-17,95.0,2.41,3974,616,🚬菸屁股,HOLD,1
OKLO,2026-03-20,85.0,0.89,2576,611,🚬菸屁股,HOLD,1
NBIS,2026-03-20,100.0,4.5,6289,608,🚬菸屁股,HOLD,1
SMCI,2026-03-13,33.0,1.1,2335,594,🚬菸屁股,HOLD,1
IONQ,2026-03-06,41.0,0.63,1979,591,🚬菸屁股,HOLD,1
NBIS,2026-03-13,120.0,0.35,3171,588,🚬菸屁股,HOLD,1
SMCI,2026-04-17,35.0,2.02,2172,583,🚬菸屁股,HOLD,1
OPEN,2026-03-06,4.5,0.63,5771,582,🚬菸屁股,HOLD,1
NBIS,2026-03-20,110.0,2.1,6957,579,🚬菸屁股,HOLD,1
SOFI,2026-04-17,17.0,2.57,3637,578,🚬菸屁股,HOLD,1
CRWV,2026-04-17,100.0,3.85,3752,572,🚬菸屁股,HOLD,1
SOFI,2026-05-15,21.0,1.33,3857,571,🚬菸屁股,HOLD,1
SOFI,2026-05-15,26.0,0.43,5330,554,🚬菸屁股,HOLD,1
SOFI,2026-05-15,22.0,1.06,3898,552,🚬菸屁股,HOLD,1
U,2026-03-20,24.0,0.3,3451,541,🚬菸屁股,HOLD,1
PATH,2026-03-06,12.0,0.05,7736,527,🚬菸屁股,HOLD,1
SOFI,2026-05-15,25.0,0.53,8540,526,🚬菸屁股,HOLD,1
SMCI,2026-04-17,40.0,0.9,1979,521,🚬菸屁股,HOLD,1
CRWV,2026-03-06,101.0,0.13,2612,517,🚬菸屁股,HOLD,1
OPEN,2026-03-20,8.0,0.03,12653,515,🚬菸屁股,HOLD,1
CRWV,2026-03-20,85.0,4.25,8699,510,🚬菸屁股,HOLD,1
SOFI,2026-05-15,30.0,0.2,12895,507,🚬菸屁股,HOLD,1
OPEN,2026-03-13,5.0,0.34,1801,506,🚬菸屁股,HOLD,1
JOBY,2026-03-06,10.0,0.59,3549,502,🚬菸屁股,HOLD,1
SMCI,2026-03-20,37.0,0.52,3448,501,🚬菸屁股,HOLD,1
SMR,2026-04-17,15.0,1.22,3581,490,🚬菸屁股,HOLD,1
IREN,2026-03-13,46.0,1.47,2832,484,🚬菸屁股,HOLD,1
TSLA,2026-03-20,455.0,1.67,15772,483,🚬菸屁股,HOLD,1
SMR,2026-03-20,15.0,0.58,2231,480,🚬菸屁股,HOLD,1
IBIT,2026-03-20,49.0,0.11,12401,478,🚬菸屁股,HOLD,1
SOFI,2026-04-17,26.0,0.15,6384,474,🚬菸屁股,HOLD,1
IONQ,2026-04-17,40.0,4.05,5770,470,🚬菸屁股,HOLD,1
RKLB,2026-03-20,100.0,0.44,5354,460,🚬菸屁股,HOLD,1
HOOD,2026-03-20,120.0,0.05,18086,460,🚬菸屁股,HOLD,1
SOFI,2026-07-17,20.0,2.4,3002,457,🚬菸屁股,HOLD,1
SMCI,2026-05-15,40.0,1.79,11244,441,🚬菸屁股,HOLD,1
IBIT,2026-03-20,48.0,0.13,17724,440,🚬菸屁股,HOLD,1
SOFI,2026-03-13,23.0,0.04,3197,438,🚬菸屁股,HOLD,1
SMCI,2026-03-20,33.0,1.58,7842,433,🚬菸屁股,HOLD,1
ASTS,2026-03-20,115.0,2.44,4675,432,🚬菸屁股,HOLD,1
NBIS,2026-03-20,130.0,0.45,4187,424,🚬菸屁股,HOLD,1
SOFI,2026-03-20,22.5,0.13,6133,423,🚬菸屁股,HOLD,1
HOOD,2026-03-20,110.0,0.11,13321,422,🚬菸屁股,HOLD,1
HIMS,2026-03-20,25.0,0.1,2976,422,🚬菸屁股,HOLD,1
IBIT,2026-03-20,57.0,0.05,12953,421,🚬菸屁股,HOLD,1
NVDA,2026-03-20,150.0,33.8,43032,420,🔥萬人塚,HOLD,1
SOFI,2026-05-15,18.0,2.56,2264,417,🚬菸屁股,HOLD,1
SMR,2026-03-20,20.0,0.09,6111,415,🚬菸屁股,HOLD,1
SOFI,2026-03-20,26.0,0.05,8710,414,🚬菸屁股,HOLD,1
SMCI,2026-04-17,33.0,2.78,1746,413,🚬菸屁股,HOLD,1
SOFI,2026-03-20,17.0,2.03,3733,405,🚬菸屁股,HOLD,1
IREN,2026-05-15,65.0,2.37,2345,402,🚬菸屁股,HOLD,1
OPEN,2026-03-20,6.5,0.07,3419,396,🚬菸屁股,HOLD,1
ONDS,2026-03-20,7.5,3.4,9191,382,🚬菸屁股,HOLD,1
NVDA,2026-05-15,260.0,0.53,17162,380,🚬菸屁股,HOLD,1
NBIS,2026-04-17,120.0,3.85,2420,379,🚬菸屁股,HOLD,1
CRWV,2026-04-17,120.0,1.34,4670,379,🚬菸屁股,HOLD,1
IBIT,2026-03-13,44.0,0.2,18348,378,🚬菸屁股,HOLD,1
JOBY,2026-03-20,11.0,0.47,5853,377,🚬菸屁股,HOLD,1
IREN,2026-03-06,55.0,0.03,1907,373,🚬菸屁股,HOLD,1
CRWV,2026-03-20,110.0,0.54,11797,373,🚬菸屁股,HOLD,1
PATH,2026-03-06,12.5,0.03,5402,362,🚬菸屁股,HOLD,1
SOFI,2026-03-20,15.0,3.7,7674,361,🚬菸屁股,HOLD,1
JOBY,2026-07-17,15.0,0.76,2994,361,🚬菸屁股,HOLD,1
LUNR,2026-03-20,20.0,1.42,6393,360,🚬菸屁股,HOLD,1
NVDA,2028-01-21,200.0,45.95,23305,357,🔥萬人塚,HOLD,1
SOFI,2026-03-06,23.0,0.01,3487,357,🚬菸屁股,HOLD,1
SOFI,2026-03-06,25.0,0.01,10730,354,🚬菸屁股,HOLD,1
LUNR,2026-03-20,25.0,0.45,6557,352,🚬菸屁股,HOLD,1
IBIT,2026-05-15,60.0,0.23,16913,350,🚬菸屁股,HOLD,1
NBIS,2026-03-20,115.0,1.53,4740,350,🚬菸屁股,HOLD,1
CRWV,2026-03-13,95.0,0.96,2366,347,🚬菸屁股,HOLD,1
ASTS,2026-04-17,150.0,1.85,1258,345,🚬菸屁股,HOLD,1
IONQ,2026-04-17,50.0,1.47,2239,342,🚬菸屁股,HOLD,1
PATH,2026-03-13,12.0,0.47,3740,341,🚬菸屁股,HOLD,1
NVDA,2026-05-15,270.0,0.37,16716,340,🚬菸屁股,HOLD,1
RKLB,2026-03-20,110.0,0.2,1759,337,🚬菸屁股,HOLD,1
IREN,2026-03-13,49.0,0.86,3341,336,🚬菸屁股,HOLD,1
OPEN,2026-03-06,7.0,0.01,7496,335,🚬菸屁股,HOLD,1
CRWV,2026-04-17,115.0,1.75,1903,330,🚬菸屁股,HOLD,1
SOFI,2026-05-15,24.0,0.67,2497,329,🚬菸屁股,HOLD,1
SOFI,2026-07-17,25.0,1.05,3380,329,🚬菸屁股,HOLD,1
IBIT,2026-03-20,47.0,0.16,13288,326,🚬菸屁股,HOLD,1
HIMS,2026-04-17,18.0,1.65,2523,320,🚬菸屁股,HOLD,1
COIN,2026-03-20,300.0,0.15,13762,313,🚬菸屁股,HOLD,1
HOOD,2026-05-15,100.0,3.55,4403,309,🚬菸屁股,HOLD,1
CRWV,2026-03-06,105.0,0.05,1675,308,🚬菸屁股,HOLD,1
IONQ,2026-03-20,40.0,2.42,3186,306,🚬菸屁股,HOLD,1
DKNG,2026-05-15,35.0,0.32,2630,300,🚬菸屁股,HOLD,1
SOFI,2026-03-06,24.0,0.02,3772,293,🚬菸屁股,HOLD,1
HOOD,2026-04-17,90.0,3.55,3303,293,🚬菸屁股,HOLD,1
HIMS,2026-03-20,30.0,0.04,5677,291,🚬菸屁股,HOLD,1
IBIT,2026-03-13,45.0,0.13,11371,289,🚬菸屁股,HOLD,1
OKLO,2026-03-20,90.0,0.54,3619,289,🚬菸屁股,HOLD,1
SOFI,2026-05-15,23.0,0.84,4728,288,🚬菸屁股,HOLD,1
DKNG,2026-03-13,24.0,1.02,7310,288,🚬菸屁股,HOLD,1
TSLA,2026-03-20,600.0,0.05,17634,287,🚬菸屁股,HOLD,1
IREN,2026-03-20,40.0,4.9,8071,287,🚬菸屁股,HOLD,1
PATH,2026-05-15,12.0,1.16,3610,287,🚬菸屁股,HOLD,1
SOFI,2026-03-20,27.0,0.04,10247,284,🚬菸屁股,HOLD,1
OKLO,2026-03-20,70.0,3.75,2073,281,🚬菸屁股,HOLD,1
OPEN,2026-03-20,4.0,1.9,9404,281,🚬菸屁股,HOLD,1
RKLB,2026-04-17,110.0,1.2,4358,279,🚬菸屁股,HOLD,1
NVDA,2026-08-21,190.0,20.5,12259,278,🚬菸屁股,HOLD,1
OPEN,2026-05-15,4.0,1.99,1527,274,🚬菸屁股,HOLD,1
HOOD,2026-03-20,105.0,0.22,5726,273,🚬菸屁股,HOLD,1
TDOC,2026-04-17,5.0,0.62,3971,271,🚬菸屁股,HOLD,1
SOFI,2026-08-21,25.0,1.44,5820,269,🚬菸屁股,HOLD,1
NVDA,2026-03-20,300.0,0.02,12070,268,🚬菸屁股,HOLD,1
RKLB,2026-04-17,90.0,3.5,6461,266,🚬菸屁股,HOLD,1
SOFI,2026-04-17,28.0,0.1,5126,265,🚬菸屁股,HOLD,1
SMCI,2026-03-06,39.0,0.02,2128,261,🚬菸屁股,HOLD,1
OKLO,2026-03-20,100.0,0.23,4330,261,🚬菸屁股,HOLD,1
VST,2026-04-17,190.0,4.8,5242,261,🚬菸屁股,HOLD,1
SMCI,2026-03-20,38.0,0.41,5837,260,🚬菸屁股,HOLD,1
ASTS,2026-05-15,170.0,3.1,1443,260,🚬菸屁股,HOLD,1
NBIS,2026-03-20,125.0,0.68,9502,259,🚬菸屁股,HOLD,1
JOBY,2026-03-20,10.0,0.94,3378,259,🚬菸屁股,HOLD,1
ONDS,2026-03-20,18.0,0.13,5285,258,🚬菸屁股,HOLD,1
ZM,2026-03-20,100.0,0.15,11431,257,🚬菸屁股,HOLD,1
OKLO,2026-03-20,80.0,1.42,3269,251,🚬菸屁股,HOLD,1
SOFI,2026-03-20,28.0,0.04,18877,247,🚬菸屁股,HOLD,1
XYZ,2026-03-20,80.0,0.11,14549,239,🚬菸屁股,HOLD,1
RKLB,2026-03-20,95.0,0.74,2017,237,🚬菸屁股,HOLD,1
COIN,2026-03-20,270.0,0.33,15658,234,🚬菸屁股,HOLD,1
SMR,2026-03-20,14.0,0.88,1522,233,🚬菸屁股,HOLD,1
U,2026-03-20,25.0,0.16,8313,228,🚬菸屁股,HOLD,1
SMR,2026-04-17,20.0,0.4,3665,227,🚬菸屁股,HOLD,1
CRWV,2026-04-17,110.0,2.21,4194,227,🚬菸屁股,HOLD,1
HIMS,2026-04-17,30.0,0.2,8791,226,🚬菸屁股,HOLD,1
CRWV,2026-04-17,125.0,1.11,1682,226,🚬菸屁股,HOLD,1
U,2026-04-17,25.0,0.57,8340,225,🚬菸屁股,HOLD,1
HIMS,2026-03-20,14.0,2.95,4812,225,🚬菸屁股,HOLD,1
HIMS,2026-03-20,23.0,0.17,1929,225,🚬菸屁股,HOLD,1
CRWV,2026-04-17,140.0,0.67,2132,224,🚬菸屁股,HOLD,1
IBIT,2026-03-20,52.0,0.07,13963,222,🚬菸屁股,HOLD,1
UPST,2026-04-17,30.0,2.57,3668,222,🚬菸屁股,HOLD,1
SOFI,2026-03-20,29.0,0.03,5813,221,🚬菸屁股,HOLD,1
PATH,2026-05-15,10.0,2.0,1837,221,🚬菸屁股,HOLD,1
PATH,2026-03-20,14.5,0.19,1794,218,🚬菸屁股,HOLD,1
SMR,2026-03-20,22.0,0.12,4027,218,🚬菸屁股,HOLD,1
NVDA,2026-03-20,270.0,0.03,10530,216,🚬菸屁股,HOLD,1
PATH,2026-03-20,10.0,1.5,3402,214,🚬菸屁股,HOLD,1
JOBY,2026-04-17,13.0,0.38,2916,212,🚬菸屁股,HOLD,1
JOBY,2026-04-17,14.0,0.26,5163,212,🚬菸屁股,HOLD,1
HIMS,2026-08-21,37.0,1.38,1885,211,🚬菸屁股,HOLD,1
IREN,2026-03-20,46.0,2.27,1549,209,🚬菸屁股,HOLD,1
NVDA,2026-03-20,130.0,53.3,25366,208,🔥萬人塚,HOLD,1
ACHR,2026-04-17,14.0,0.08,3271,206,🚬菸屁股,HOLD,1
SMCI,2026-03-20,34.0,1.22,6096,205,🚬菸屁股,HOLD,1
ASTS,2026-04-17,125.0,4.05,3511,205,🚬菸屁股,HOLD,1
JOBY,2026-04-17,11.0,0.86,5205,205,🚬菸屁股,HOLD,1
CRWV,2026-03-20,140.0,0.09,7000,205,🚬菸屁股,HOLD,1
HOOD,2026-04-17,115.0,0.58,2859,203,🚬菸屁股,HOLD,1
SOFI,2026-05-15,27.0,0.35,4061,199,🚬菸屁股,HOLD,1
ACHR,2026-04-17,12.0,0.12,8604,199,🚬菸屁股,HOLD,1
HIMS,2026-04-17,19.0,1.34,1572,198,🚬菸屁股,HOLD,1
NTLA,2026-07-17,18.0,3.2,5509,196,🚬菸屁股,HOLD,1
U,2026-04-17,20.0,1.71,2367,195,🚬菸屁股,HOLD,1
ASTS,2026-03-20,150.0,0.66,6671,193,🚬菸屁股,HOLD,1
SMCI,2026-05-15,55.0,0.4,2884,188,🚬菸屁股,HOLD,1
SMCI,2026-05-15,50.0,0.64,14537,187,🚬菸屁股,HOLD,1
HOOD,2026-03-20,125.0,0.05,4768,186,🚬菸屁股,HOLD,1
OPEN,2026-05-15,9.0,0.16,9943,185,🚬菸屁股,HOLD,1
SMR,2026-03-20,25.0,0.05,5047,185,🚬菸屁股,HOLD,1
SMR,2026-03-20,17.0,0.29,2621,184,🚬菸屁股,HOLD,1
SOFI,2026-03-20,35.0,0.02,11130,183,🚬菸屁股,HOLD,1
LUNR,2026-03-20,21.0,1.14,2276,180,🚬菸屁股,HOLD,1
IONQ,2026-03-20,55.0,0.19,2410,178,🚬菸屁股,HOLD,1
PATH,2026-03-20,16.0,0.11,5978,177,🚬菸屁股,HOLD,1
OPEN,2026-08-21,8.0,0.6,4654,177,🚬菸屁股,HOLD,1
VRT,2026-03-20,300.0,3.0,2189,177,🚬菸屁股,HOLD,1
CRWV,2026-03-06,110.0,0.02,5166,176,🚬菸屁股,HOLD,1
SOFI,2026-07-17,26.0,0.89,2850,175,🚬菸屁股,HOLD,1
PATH,2026-03-20,14.0,0.24,4912,174,🚬菸屁股,HOLD,1
MSTR,2026-03-20,300.0,0.06,18292,169,🚬菸屁股,HOLD,1
MSTR,2026-04-17,130.0,19.9,18419,167,🚬菸屁股,HOLD,1
DKNG,2026-03-06,26.0,0.09,1645,167,🚬菸屁股,HOLD,1
DKNG,2026-03-20,22.5,2.2,2312,167,🚬菸屁股,HOLD,1
PATH,2026-03-06,10.5,0.5,2829,167,🚬菸屁股,HOLD,1
UPST,2026-03-20,35.0,0.37,1527,166,🚬菸屁股,HOLD,1
SMCI,2026-03-20,31.0,2.6,2406,165,🚬菸屁股,HOLD,1
UPST,2026-04-17,32.5,1.82,2642,165,🚬菸屁股,HOLD,1
PATH,2026-03-06,13.0,0.22,4866,163,🚬菸屁股,HOLD,1
HIMS,2026-03-20,22.0,0.23,1926,160,🚬菸屁股,HOLD,1
DKNG,2026-03-06,22.0,2.2,10846,158,🚬菸屁股,HOLD,1
JOBY,2026-04-17,12.0,0.57,3159,157,🚬菸屁股,HOLD,1
HOOD,2026-03-20,140.0,0.03,4660,156,🚬菸屁股,HOLD,1
HIMS,2026-03-20,100.0,0.02,2295,156,🚬菸屁股,HOLD,1
ASTS,2026-04-17,180.0,0.75,1517,155,🚬菸屁股,HOLD,1
SOFI,2026-03-20,33.0,0.05,3434,155,🚬菸屁股,HOLD,1
ASTS,2026-03-20,130.0,1.2,2808,154,🚬菸屁股,HOLD,1
PATH,2026-05-15,11.0,1.54,2693,153,🚬菸屁股,HOLD,1
OPEN,2026-08-21,9.0,0.48,1676,152,🚬菸屁股,HOLD,1
JOBY,2026-04-17,15.0,0.18,5124,152,🚬菸屁股,HOLD,1
CRWV,2028-01-21,150.0,23.5,32839,151,🔥萬人塚,HOLD,1
SOFI,2026-03-06,28.0,0.01,2896,148,🚬菸屁股,HOLD,1
PATH,2026-05-15,19.0,0.24,4159,148,🚬菸屁股,HOLD,1
JOBY,2026-03-20,16.0,0.1,2031,145,🚬菸屁股,HOLD,1
RKLB,2026-04-17,85.0,4.5,1969,144,🚬菸屁股,HOLD,1
IONQ,2026-03-20,60.0,0.13,1720,143,🚬菸屁股,HOLD,1
U,2026-03-20,19.0,1.39,3250,143,🚬菸屁股,HOLD,1
SMR,2026-05-15,20.0,0.83,2680,143,🚬菸屁股,HOLD,1
HOOD,2026-03-20,115.0,0.08,5375,142,🚬菸屁股,HOLD,1
JOBY,2026-07-17,11.0,1.77,1935,141,🚬菸屁股,HOLD,1
LUNR,2026-03-20,18.0,2.14,4365,140,🚬菸屁股,HOLD,1
SOFI,2026-04-17,30.0,0.07,19653,139,🚬菸屁股,HOLD,1
SOFI,2026-08-21,22.0,2.18,1552,139,🚬菸屁股,HOLD,1
CRWV,2026-04-17,150.0,0.42,2915,138,🚬菸屁股,HOLD,1
IBIT,2026-05-15,65.0,0.15,15715,137,🚬菸屁股,HOLD,1
TDOC,2026-03-20,5.5,0.22,2023,137,🚬菸屁股,HOLD,1
ZM,2026-03-20,85.0,0.4,2265,137,🚬菸屁股,HOLD,1
SOFI,2026-03-20,32.0,0.02,7426,136,🚬菸屁股,HOLD,1
JOBY,2026-07-17,12.0,1.46,1867,136,🚬菸屁股,HOLD,1
SOFI,2026-03-06,27.0,0.01,2277,135,🚬菸屁股,HOLD,1
SOFI,2026-03-20,37.0,0.08,1940,134,🚬菸屁股,HOLD,1
IBIT,2026-03-20,46.5,0.19,10900,133,🚬菸屁股,HOLD,1
VST,2026-03-20,200.0,0.75,2385,133,🚬菸屁股,HOLD,1
ACHR,2026-04-17,6.0,1.98,1887,132,🚬菸屁股,HOLD,1
AMD,2026-03-20,300.0,0.05,11912,131,🚬菸屁股,HOLD,1
HOOD,2026-05-15,110.0,2.1,2609,131,🚬菸屁股,HOLD,1
U,2026-03-20,20.0,0.98,2590,130,🚬菸屁股,HOLD,1
IREN,2026-03-20,43.0,3.35,3738,129,🚬菸屁股,HOLD,1
ASTS,2026-05-15,150.0,4.25,4489,128,🚬菸屁股,HOLD,1
SMCI,2026-05-15,45.0,1.03,6357,127,🚬菸屁股,HOLD,1
NBIS,2026-05-15,150.0,3.05,1669,127,🚬菸屁股,HOLD,1
ACHR,2026-04-17,20.0,0.08,4515,127,🚬菸屁股,HOLD,1
NVDA,2027-01-15,100.0,89.8,20662,123,🔥萬人塚,HOLD,1
U,2026-03-20,30.0,0.04,11508,123,🚬菸屁股,HOLD,1
SMR,2026-03-20,30.0,0.04,8144,122,🚬菸屁股,HOLD,1
IREN,2026-03-13,60.0,0.12,1644,121,🚬菸屁股,HOLD,1
PATH,2026-03-20,13.0,0.38,5601,121,🚬菸屁股,HOLD,1
OKLO,2026-03-20,95.0,0.35,2719,119,🚬菸屁股,HOLD,1
IREN,2026-03-06,60.0,0.02,1558,119,🚬菸屁股,HOLD,1
ZM,2026-03-20,105.0,0.05,6463,119,🚬菸屁股,HOLD,1
JOBY,2026-04-17,10.0,1.34,3438,119,🚬菸屁股,HOLD,1
SMCI,2026-03-20,60.0,0.03,14254,118,🚬菸屁股,HOLD,1
HIMS,2026-03-20,45.0,0.03,6146,118,🚬菸屁股,HOLD,1
MSTR,2026-03-20,250.0,0.15,10450,117,🚬菸屁股,HOLD,1
RKLB,2026-07-17,145.0,2.5,2278,117,🚬菸屁股,HOLD,1
SMCI,2026-03-20,65.0,0.03,11320,114,🚬菸屁股,HOLD,1
OPEN,2026-05-15,8.0,0.54,6251,114,🚬菸屁股,HOLD,1
IREN,2027-01-15,20.0,26.5,21375,113,🔥萬人塚,HOLD,1
PATH,2026-03-13,11.5,0.68,1624,113,🚬菸屁股,HOLD,1
TDOC,2026-07-17,7.0,0.47,7113,112,🚬菸屁股,HOLD,1
OPEN,2026-08-21,10.0,0.38,5650,111,🚬菸屁股,HOLD,1
HIMS,2026-04-17,40.0,0.1,2781,111,🚬菸屁股,HOLD,1
SMR,2026-03-20,18.0,0.17,7245,110,🚬菸屁股,HOLD,1
NTLA,2026-07-17,15.0,4.4,1723,107,🚬菸屁股,HOLD,1
CRSP,2026-04-17,90.0,0.6,1251,106,🚬菸屁股,HOLD,1
PATH,2026-05-15,25.0,0.15,13030,105,🚬菸屁股,HOLD,1
CRWV,2026-05-15,110.0,5.0,2238,104,🚬菸屁股,HOLD,1
IBIT,2026-03-20,68.0,0.02,13326,102,🚬菸屁股,HOLD,1
NTLA,2026-04-17,20.0,0.65,3797,102,🚬菸屁股,HOLD,1
ACHR,2026-04-17,13.0,0.09,4105,102,🚬菸屁股,HOLD,1
NVDA,2026-03-06,245.0,0.01,14845,101,🚬菸屁股,HOLD,1
HOOD,2026-05-15,120.0,1.25,3367,101,🚬菸屁股,HOLD,1
ZM,2026-03-20,90.0,0.25,4681,101,🚬菸屁股,HOLD,1
HIMS,2026-03-20,50.0,0.03,6079,101,🚬菸屁股,HOLD,1
IONQ,2026-04-17,65.0,0.39,2886,99,🚬菸屁股,HOLD,1
ONDS,2026-03-20,6.0,4.85,5409,99,🚬菸屁股,HOLD,1
LUNR,2026-03-20,22.0,0.91,2060,99,🚬菸屁股,HOLD,1
OPEN,2026-08-21,7.0,0.78,11449,98,🚬菸屁股,HOLD,1
SOFI,2026-08-21,21.0,2.5,3776,96,🚬菸屁股,HOLD,1
DKNG,2026-03-20,27.5,0.38,1600,96,🚬菸屁股,HOLD,1
SMCI,2026-08-21,50.0,2.22,2720,95,🚬菸屁股,HOLD,1
IREN,2026-05-15,80.0,1.22,3673,95,🚬菸屁股,HOLD,1
PATH,2026-03-13,13.5,0.19,1521,95,🚬菸屁股,HOLD,1
IREN,2026-05-15,110.0,0.52,11998,94,🚬菸屁股,HOLD,1
LUNR,2026-03-20,17.0,2.67,2021,94,🚬菸屁股,HOLD,1
SOFI,2026-07-17,30.0,0.48,5511,93,🚬菸屁股,HOLD,1
HIMS,2026-05-15,30.0,0.6,2160,93,🚬菸屁股,HOLD,1
OPEN,2026-08-21,5.0,1.34,2677,92,🚬菸屁股,HOLD,1
SMCI,2026-05-15,65.0,0.24,3013,91,🚬菸屁股,HOLD,1
U,2026-03-20,35.0,0.04,3682,91,🚬菸屁股,HOLD,1
DKNG,2026-03-20,30.0,0.1,3103,90,🚬菸屁股,HOLD,1
CRSP,2026-04-17,70.0,2.55,2662,90,🚬菸屁股,HOLD,1
ACHR,2026-04-17,16.0,0.06,6500,90,🚬菸屁股,HOLD,1
HOOD,2026-03-13,110.0,0.04,1815,89,🚬菸屁股,HOLD,1
XYZ,2026-03-20,85.0,0.2,3097,89,🚬菸屁股,HOLD,1
RKLB,2026-04-17,95.0,2.72,3366,87,🚬菸屁股,HOLD,1
IREN,2026-05-15,55.0,4.0,3854,87,🚬菸屁股,HOLD,1
OPEN,2026-08-21,6.0,1.0,1960,85,🚬菸屁股,HOLD,1
DKNG,2026-05-15,25.0,2.39,1690,84,🚬菸屁股,HOLD,1
NNE,2026-03-20,30.0,1.35,1507,84,🚬菸屁股,HOLD,1
PATH,2026-05-15,14.0,0.68,4548,83,🚬菸屁股,HOLD,1
SMCI,2026-03-20,39.0,0.29,12317,82,🚬菸屁股,HOLD,1
XYZ,2026-03-20,55.0,10.15,22342,82,🔥萬人塚,HOLD,1
U,2026-05-15,20.0,2.46,3237,81,🚬菸屁股,HOLD,1
ACHR,2026-07-17,9.0,1.16,1649,81,🚬菸屁股,HOLD,1
CRWV,2026-03-06,115.0,0.01,3514,81,🚬菸屁股,HOLD,1
IBIT,2026-03-20,56.0,0.05,14757,80,🚬菸屁股,HOLD,1
SMCI,2026-03-20,50.0,0.04,12068,80,🚬菸屁股,HOLD,1
UPST,2026-04-17,35.0,1.19,1505,79,🚬菸屁股,HOLD,1
OKLO,2026-03-20,115.0,0.12,4194,78,🚬菸屁股,HOLD,1
NVDA,2026-03-20,120.0,63.2,34224,77,🔥萬人塚,HOLD,1
AMD,2026-05-15,185.0,29.1,20460,77,🔥萬人塚,HOLD,1
PATH,2026-03-20,20.0,0.03,19686,77,🚬菸屁股,HOLD,1
ASTS,2026-05-15,180.0,2.45,1768,76,🚬菸屁股,HOLD,1
ROKU,2026-03-20,105.0,2.24,2617,75,🚬菸屁股,HOLD,1
RKLB,2026-04-17,105.0,1.52,2676,74,🚬菸屁股,HOLD,1
IREN,2026-05-15,60.0,2.96,13301,74,🚬菸屁股,HOLD,1
HOOD,2026-05-15,115.0,1.6,2635,72,🚬菸屁股,HOLD,1
ZM,2026-03-20,95.0,0.1,9297,72,🚬菸屁股,HOLD,1
HIMS,2026-07-17,20.0,2.97,1569,72,🚬菸屁股,HOLD,1
CRWV,2026-03-06,120.0,0.04,6846,72,🚬菸屁股,HOLD,1
IREN,2026-03-20,100.0,0.03,9310,71,🚬菸屁股,HOLD,1
CRWV,2026-03-06,125.0,0.01,1856,71,🚬菸屁股,HOLD,1
NVDA,2026-03-13,240.0,0.03,13118,70,🚬菸屁股,HOLD,1
XYZ,2026-05-15,70.0,4.45,1896,70,🚬菸屁股,HOLD,1
ONDS,2026-03-20,22.0,0.17,1659,70,🚬菸屁股,HOLD,1
CRWV,2026-03-20,280.0,0.02,3705,70,🚬菸屁股,HOLD,1
HOOD,2026-05-15,140.0,0.52,6891,69,🚬菸屁股,HOLD,1
PATH,2026-03-13,14.0,0.15,3253,68,🚬菸屁股,HOLD,1
ROKU,2026-03-20,110.0,1.24,2604,68,🚬菸屁股,HOLD,1
UPST,2026-03-20,40.0,0.25,2751,67,🚬菸屁股,HOLD,1
IREN,2028-01-21,110.0,11.0,23539,67,🔥萬人塚,HOLD,1
PATH,2026-05-15,13.0,0.88,3638,67,🚬菸屁股,HOLD,1
TDOC,2026-04-17,7.0,0.15,3358,67,🚬菸屁股,HOLD,1
IREN,2026-03-20,110.0,0.04,5793,66,🚬菸屁股,HOLD,1
LUNR,2026-03-20,16.0,3.2,1637,66,🚬菸屁股,HOLD,1
ACHR,2026-07-17,10.0,0.9,2748,66,🚬菸屁股,HOLD,1
U,2026-04-17,23.0,0.88,3193,65,🚬菸屁股,HOLD,1
RKLB,2026-03-20,145.0,0.02,2358,63,🚬菸屁股,HOLD,1
SOFI,2026-04-17,29.0,0.08,7826,63,🚬菸屁股,HOLD,1
PACB,2026-03-20,2.0,0.1,4187,63,🚬菸屁股,HOLD,1
LUNR,2026-03-20,19.0,1.75,3257,63,🚬菸屁股,HOLD,1
DKNG,2026-05-15,40.0,0.14,1656,62,🚬菸屁股,HOLD,1
OKLO,2026-03-20,120.0,0.13,3125,61,🚬菸屁股,HOLD,1
SOFI,2026-03-20,34.0,0.04,3753,61,🚬菸屁股,HOLD,1
IREN,2026-03-20,80.0,0.1,8094,61,🚬菸屁股,HOLD,1
IREN,2026-03-20,75.0,0.22,9970,59,🚬菸屁股,HOLD,1
OKLO,2026-03-20,105.0,0.18,2434,58,🚬菸屁股,HOLD,1
SMR,2026-08-21,20.0,2.11,1678,58,🚬菸屁股,HOLD,1
SMCI,2026-03-20,42.0,0.14,2171,57,🚬菸屁股,HOLD,1
ASTS,2026-03-20,180.0,0.28,2830,57,🚬菸屁股,HOLD,1
PATH,2026-08-21,15.0,1.25,3501,57,🚬菸屁股,HOLD,1
TSLA,2026-03-20,700.0,0.02,10669,56,🚬菸屁股,HOLD,1
VST,2026-03-20,190.0,1.6,1751,56,🚬菸屁股,HOLD,1
SOFI,2026-03-06,26.0,0.01,3364,56,🚬菸屁股,HOLD,1
IREN,2026-03-20,70.0,0.12,9109,56,🚬菸屁股,HOLD,1
OPEN,2026-05-15,5.0,1.17,1773,56,🚬菸屁股,HOLD,1
DKNG,2026-05-15,30.0,0.88,4627,55,🚬菸屁股,HOLD,1
HOOD,2026-04-17,125.0,0.32,3542,55,🚬菸屁股,HOLD,1
CRWV,2026-03-20,170.0,0.23,5565,55,🚬菸屁股,HOLD,1
NBIS,2026-03-20,150.0,0.17,5627,54,🚬菸屁股,HOLD,1
HIMS,2026-03-20,40.0,0.03,10667,54,🚬菸屁股,HOLD,1
HIMS,2026-03-20,41.0,0.03,4280,54,🚬菸屁股,HOLD,1
IONQ,2026-03-20,70.0,0.1,2026,53,🚬菸屁股,HOLD,1
DKNG,2026-05-15,50.0,0.05,3015,52,🚬菸屁股,HOLD,1
U,2026-03-20,22.0,0.47,3163,52,🚬菸屁股,HOLD,1
U,2026-04-17,30.0,0.25,1565,52,🚬菸屁股,HOLD,1
HIMS,2026-05-15,40.0,0.25,1632,52,🚬菸屁股,HOLD,1
TDOC,2026-03-20,6.0,0.13,6926,51,🚬菸屁股,HOLD,1
ACHR,2026-07-17,12.0,0.55,1656,51,🚬菸屁股,HOLD,1
NVDA,2026-03-20,135.0,48.35,26637,50,🔥萬人塚,HOLD,1
IONQ,2026-04-17,60.0,0.57,2861,50,🚬菸屁股,HOLD,1
OPEN,2026-05-15,12.0,0.08,5741,50,🚬菸屁股,HOLD,1
DKNG,2026-05-15,45.0,0.29,1656,49,🚬菸屁股,HOLD,1
PATH,2026-03-20,17.0,0.11,6135,49,🚬菸屁股,HOLD,1
ZM,2026-03-20,75.0,2.04,1869,49,🚬菸屁股,HOLD,1
U,2026-03-20,23.0,0.35,3329,48,🚬菸屁股,HOLD,1
HOOD,2026-03-20,130.0,0.04,8533,48,🚬菸屁股,HOLD,1
IREN,2026-05-15,75.0,1.69,3180,47,🚬菸屁股,HOLD,1
HOOD,2026-03-20,150.0,0.02,10289,47,🚬菸屁股,HOLD,1
NTLA,2026-07-17,19.0,3.2,2097,47,🚬菸屁股,HOLD,1
JOBY,2026-03-20,17.0,0.05,2664,47,🚬菸屁股,HOLD,1
SMCI,2026-05-15,70.0,0.2,2727,46,🚬菸屁股,HOLD,1
SOFI,2026-05-15,28.0,0.28,6278,46,🚬菸屁股,HOLD,1
PATH,2026-05-15,17.0,0.35,7364,46,🚬菸屁股,HOLD,1
SOFI,2026-05-15,40.0,0.1,3164,45,🚬菸屁股,HOLD,1
HOOD,2026-04-17,150.0,0.09,4043,45,🚬菸屁股,HOLD,1
CRWV,2026-05-15,130.0,2.7,1853,44,🚬菸屁股,HOLD,1
NVDA,2026-03-20,145.0,38.65,26515,43,🔥萬人塚,HOLD,1
ASTS,2026-03-20,135.0,1.32,3213,43,🚬菸屁股,HOLD,1
NBIS,2026-05-15,200.0,0.99,1691,43,🚬菸屁股,HOLD,1
SMCI,2026-03-20,44.0,0.1,1788,42,🚬菸屁股,HOLD,1
HOOD,2026-03-20,155.0,0.15,2063,41,🚬菸屁股,HOLD,1
DKNG,2026-03-13,23.0,1.61,2411,40,🚬菸屁股,HOLD,1
XYZ,2026-03-20,90.0,0.24,6323,40,🚬菸屁股,HOLD,1
JOBY,2026-04-17,19.0,0.15,1822,40,🚬菸屁股,HOLD,1
SMCI,2026-05-15,60.0,0.27,5000,38,🚬菸屁股,HOLD,1
OKLO,2026-03-20,140.0,0.07,3195,38,🚬菸屁股,HOLD,1
RKLB,2026-03-20,130.0,0.08,1392,38,🚬菸屁股,HOLD,1
U,2026-05-15,22.0,1.91,2774,37,🚬菸屁股,HOLD,1
NNE,2026-04-17,26.0,4.4,2170,37,🚬菸屁股,HOLD,1
NNE,2026-04-17,35.0,1.45,1863,37,🚬菸屁股,HOLD,1
SMCI,2026-05-15,95.0,0.05,5583,36,🚬菸屁股,HOLD,1
RKLB,2026-04-17,120.0,0.7,1769,36,🚬菸屁股,HOLD,1
SOFI,2026-04-17,32.0,0.1,2641,36,🚬菸屁股,HOLD,1
ROKU,2026-03-20,100.0,4.05,2263,36,🚬菸屁股,HOLD,1
HOOD,2026-03-20,160.0,0.07,2250,36,🚬菸屁股,HOLD,1
TDOC,2026-04-17,8.0,0.2,4749,36,🚬菸屁股,HOLD,1
HIMS,2026-03-20,35.0,0.05,9037,36,🚬菸屁股,HOLD,1
PATH,2026-05-15,16.0,0.43,9067,34,🚬菸屁股,HOLD,1
PATH,2026-05-15,30.0,0.2,12508,34,🚬菸屁股,HOLD,1
ROKU,2026-03-20,115.0,0.69,2237,34,🚬菸屁股,HOLD,1
TDOC,2026-04-17,6.0,0.27,2859,34,🚬菸屁股,HOLD,1
UPST,2026-03-20,100.0,0.03,1985,33,🚬菸屁股,HOLD,1
SOFI,2026-07-17,28.0,0.66,2628,33,🚬菸屁股,HOLD,1
TDOC,2026-03-20,7.0,0.06,2095,33,🚬菸屁股,HOLD,1
IBIT,2026-05-15,75.0,0.09,13304,32,🚬菸屁股,HOLD,1
SOFI,2026-03-20,31.0,0.03,6658,32,🚬菸屁股,HOLD,1
CRSP,2026-03-20,70.0,1.55,1255,32,🚬菸屁股,HOLD,1
HIMS,2026-03-06,30.0,0.02,1554,32,🚬菸屁股,HOLD,1
HIMS,2026-05-15,65.0,0.15,2324,32,🚬菸屁股,HOLD,1
IREN,2026-05-15,100.0,0.58,9600,31,🚬菸屁股,HOLD,1
PATH,2026-03-13,14.5,0.14,3049,31,🚬菸屁股,HOLD,1
PATH,2026-08-21,14.0,1.43,1975,31,🚬菸屁股,HOLD,1
SMCI,2026-03-20,70.0,0.01,6784,30,🚬菸屁股,HOLD,1
IREN,2026-05-15,90.0,0.95,2967,30,🚬菸屁股,HOLD,1
SOFI,2026-05-15,35.0,0.1,7011,29,🚬菸屁股,HOLD,1
HIMS,2026-03-20,26.0,0.07,10879,29,🚬菸屁股,HOLD,1
SMCI,2026-05-15,42.0,1.45,2113,28,🚬菸屁股,HOLD,1
HOOD,2026-03-20,135.0,0.03,5792,28,🚬菸屁股,HOLD,1
HIMS,2026-03-20,65.0,0.03,2068,28,🚬菸屁股,HOLD,1
SMCI,2026-05-15,39.0,2.0,2255,27,🚬菸屁股,HOLD,1
SOFI,2026-04-17,31.0,0.06,4330,27,🚬菸屁股,HOLD,1
PATH,2026-08-21,20.0,0.7,3838,27,🚬菸屁股,HOLD,1
OPEN,2026-05-15,3.0,2.61,1595,27,🚬菸屁股,HOLD,1
HIMS,2026-03-20,60.0,0.02,4548,27,🚬菸屁股,HOLD,1
ACHR,2026-07-17,7.0,1.87,1560,27,🚬菸屁股,HOLD,1
DKNG,2026-03-20,42.5,0.02,7534,26,🚬菸屁股,HOLD,1
HIMS,2026-05-15,60.0,0.18,2380,26,🚬菸屁股,HOLD,1
SMR,2026-08-21,35.0,0.76,2966,26,🚬菸屁股,HOLD,1
SOFI,2026-04-17,35.0,0.06,9450,25,🚬菸屁股,HOLD,1
PATH,2026-08-21,10.0,2.78,1644,25,🚬菸屁股,HOLD,1
PATH,2026-08-21,17.0,0.94,1603,25,🚬菸屁股,HOLD,1
ACHR,2026-04-17,22.0,0.03,7954,25,🚬菸屁股,HOLD,1
SMR,2026-04-17,30.0,0.1,2511,25,🚬菸屁股,HOLD,1
OKLO,2026-03-20,125.0,0.29,4326,24,🚬菸屁股,HOLD,1
UPST,2026-03-20,45.0,0.06,2733,24,🚬菸屁股,HOLD,1
SOFI,2026-08-21,27.0,1.11,1790,24,🚬菸屁股,HOLD,1
U,2026-08-21,30.0,1.61,1590,24,🚬菸屁股,HOLD,1
PATH,2026-03-20,18.0,0.06,2347,24,🚬菸屁股,HOLD,1
HOOD,2026-04-17,130.0,0.24,4843,24,🚬菸屁股,HOLD,1
SMCI,2026-03-06,45.0,0.01,1519,23,🚬菸屁股,HOLD,1
UPST,2026-03-20,55.0,0.02,1820,23,🚬菸屁股,HOLD,1
SOFI,2026-05-15,29.0,0.23,2801,22,🚬菸屁股,HOLD,1
DKNG,2026-03-20,37.5,0.02,4057,22,🚬菸屁股,HOLD,1
OPEN,2026-05-15,9.0,0.41,6408,22,🚬菸屁股,HOLD,1
HIMS,2026-03-20,90.0,0.05,4297,22,🚬菸屁股,HOLD,1
RKLB,2026-07-17,120.0,4.7,1627,21,🚬菸屁股,HOLD,1
ASTS,2026-03-06,135.0,0.05,2198,21,🚬菸屁股,HOLD,1
TDOC,2026-04-17,10.0,0.05,7671,21,🚬菸屁股,HOLD,1
HIMS,2026-03-20,28.0,0.05,1985,21,🚬菸屁股,HOLD,1
HIMS,2026-03-20,55.0,0.04,4759,21,🚬菸屁股,HOLD,1
SMCI,2026-05-15,37.0,2.5,3212,20,🚬菸屁股,HOLD,1
U,2026-03-20,20.5,0.81,2141,20,🚬菸屁股,HOLD,1
JOBY,2026-03-20,15.0,0.05,3078,20,🚬菸屁股,HOLD,1
UPST,2026-03-20,60.0,0.05,2038,19,🚬菸屁股,HOLD,1
DKNG,2026-03-20,40.0,0.01,9360,19,🚬菸屁股,HOLD,1
HOOD,2026-04-17,135.0,0.17,1586,19,🚬菸屁股,HOLD,1
OPEN,2026-05-15,7.0,0.49,3116,19,🚬菸屁股,HOLD,1
SMR,2026-03-20,19.0,0.13,1872,19,🚬菸屁股,HOLD,1
RKLB,2026-07-17,125.0,4.45,2839,18,🚬菸屁股,HOLD,1
IONQ,2026-04-17,55.0,0.94,4356,18,🚬菸屁股,HOLD,1
TDOC,2026-03-20,6.5,0.06,2112,18,🚬菸屁股,HOLD,1
SMCI,2026-03-20,41.0,0.19,2384,17,🚬菸屁股,HOLD,1
SOFI,2026-03-20,36.0,0.05,3965,17,🚬菸屁股,HOLD,1
IREN,2026-05-15,85.0,1.06,3034,17,🚬菸屁股,HOLD,1
NTLA,2026-04-17,12.5,3.8,1616,17,🚬菸屁股,HOLD,1
SMCI,2026-07-17,40.0,3.15,2268,16,🚬菸屁股,HOLD,1
RKLB,2026-07-17,130.0,3.75,1364,16,🚬菸屁股,HOLD,1
LUNR,2026-03-20,15.0,3.9,3531,16,🚬菸屁股,HOLD,1
JOBY,2026-03-20,20.0,0.02,6131,16,🚬菸屁股,HOLD,1
JOBY,2026-04-17,20.0,0.06,9289,16,🚬菸屁股,HOLD,1
CRWV,2026-03-20,98.0,1.5,2332,16,🚬菸屁股,HOLD,1
NVDA,2026-03-20,125.0,58.2,23408,15,🔥萬人塚,HOLD,1
RKLB,2026-03-06,98.0,0.02,2690,15,🚬菸屁股,HOLD,1
U,2026-03-20,37.0,0.24,1939,15,🚬菸屁股,HOLD,1
XYZ,2026-05-15,80.0,1.85,1534,15,🚬菸屁股,HOLD,1
OPEN,2026-05-15,16.0,0.05,18108,15,🚬菸屁股,HOLD,1
IONQ,2026-04-17,100.0,0.13,1804,14,🚬菸屁股,HOLD,1
UPST,2026-04-17,60.0,0.1,1601,14,🚬菸屁股,HOLD,1
UPST,2026-07-17,40.0,2.59,2314,14,🚬菸屁股,HOLD,1
U,2026-04-17,35.0,0.15,3455,14,🚬菸屁股,HOLD,1
PATH,2026-05-15,18.0,0.28,4605,14,🚬菸屁股,HOLD,1
PATH,2026-08-21,16.0,1.23,1665,14,🚬菸屁股,HOLD,1
ZM,2026-03-20,110.0,0.18,11989,14,🚬菸屁股,HOLD,1
TXG,2026-08-21,30.0,2.9,3123,14,🚬菸屁股,HOLD,1
HIMS,2026-04-17,35.0,0.15,1951,14,🚬菸屁股,HOLD,1
JOBY,2026-04-17,17.0,0.1,4366,14,🚬菸屁股,HOLD,1
CRWV,2026-04-17,160.0,0.44,1816,14,🚬菸屁股,HOLD,1
NBIS,2026-03-20,170.0,0.05,3108,13,🚬菸屁股,HOLD,1
PATH,2026-05-15,27.0,0.3,2423,13,🚬菸屁股,HOLD,1
IBIT,2026-05-15,64.0,0.17,10782,12,🚬菸屁股,HOLD,1
UPST,2026-03-20,50.0,0.04,2442,12,🚬菸屁股,HOLD,1
UPST,2026-03-20,70.0,0.05,1745,12,🚬菸屁股,HOLD,1
HOOD,2026-07-17,130.0,2.2,3923,12,🚬菸屁股,HOLD,1
TSLA,2026-05-15,990.0,0.09,18171,11,🚬菸屁股,HOLD,1
HOOD,2026-03-20,145.0,0.05,3181,11,🚬菸屁股,HOLD,1
XYZ,2026-03-20,100.0,0.02,4519,11,🚬菸屁股,HOLD,1
HIMS,2026-03-20,95.0,0.02,3153,11,🚬菸屁股,HOLD,1
ACHR,2026-04-17,17.0,0.05,2245,11,🚬菸屁股,HOLD,1
SMR,2026-08-21,30.0,0.96,1803,11,🚬菸屁股,HOLD,1
SMCI,2026-05-15,38.0,2.23,2188,10,🚬菸屁股,HOLD,1
OKLO,2026-03-20,150.0,0.05,2137,10,🚬菸屁股,HOLD,1
SOFI,2026-04-17,47.0,0.09,1529,10,🚬菸屁股,HOLD,1
U,2026-03-20,44.0,0.06,1878,10,🚬菸屁股,HOLD,1
ROKU,2026-03-20,130.0,0.15,1562,10,🚬菸屁股,HOLD,1
HOOD,2026-07-17,140.0,1.71,3017,10,🚬菸屁股,HOLD,1
OPEN,2026-04-17,4.0,1.42,8452,10,🚬菸屁股,HOLD,1
SMCI,2026-07-17,35.0,4.6,1982,9,🚬菸屁股,HOLD,1
HIMS,2026-03-20,33.0,0.05,2659,9,🚬菸屁股,HOLD,1
NNE,2026-04-17,50.0,0.25,1592,9,🚬菸屁股,HOLD,1
IBIT,2026-05-15,80.0,0.07,17341,8,🚬菸屁股,HOLD,1
U,2026-03-20,36.0,0.05,9524,8,🚬菸屁股,HOLD,1
HOOD,2026-05-15,130.0,0.8,2650,8,🚬菸屁股,HOLD,1
XYZ,2026-03-20,95.0,0.1,1554,8,🚬菸屁股,HOLD,1
OPEN,2026-05-15,11.0,0.1,2934,8,🚬菸屁股,HOLD,1
HIMS,2026-03-20,37.0,0.03,2821,8,🚬菸屁股,HOLD,1
DKNG,2026-03-20,32.5,0.03,9507,7,🚬菸屁股,HOLD,1
IREN,2026-03-20,85.0,0.06,6626,7,🚬菸屁股,HOLD,1
IREN,2026-05-15,105.0,0.67,10757,7,🚬菸屁股,HOLD,1
NBIS,2026-03-20,180.0,0.11,2261,7,🚬菸屁股,HOLD,1
U,2026-03-20,40.0,0.03,10651,7,🚬菸屁股,HOLD,1
U,2026-08-21,38.0,1.01,2773,7,🚬菸屁股,HOLD,1
TDOC,2026-04-17,9.0,0.07,6081,7,🚬菸屁股,HOLD,1
XYZ,2026-03-20,105.0,0.49,1984,7,🚬菸屁股,HOLD,1
JOBY,2026-04-17,30.0,0.12,4123,7,🚬菸屁股,HOLD,1
CRWV,2026-03-20,155.0,0.05,2075,7,🚬菸屁股,HOLD,1
CRWV,2026-03-20,160.0,0.26,7787,7,🚬菸屁股,HOLD,1
SMCI,2026-05-15,43.0,1.29,1604,6,🚬菸屁股,HOLD,1
RKLB,2026-04-17,130.0,0.63,1576,6,🚬菸屁股,HOLD,1
IREN,2026-03-20,90.0,0.1,4760,6,🚬菸屁股,HOLD,1
IREN,2026-03-20,105.0,0.04,3432,6,🚬菸屁股,HOLD,1
OPEN,2026-05-15,6.0,0.81,1921,6,🚬菸屁股,HOLD,1
HIMS,2026-03-20,34.0,0.05,8077,6,🚬菸屁股,HOLD,1
VRT,2027-01-15,230.0,74.35,20568,6,🔥萬人塚,HOLD,1
SMCI,2026-03-20,80.0,0.05,1735,5,🚬菸屁股,HOLD,1
IONQ,2026-04-17,90.0,0.16,1546,5,🚬菸屁股,HOLD,1
SOFI,2026-07-17,40.0,0.19,2220,5,🚬菸屁股,HOLD,1
U,2026-03-20,26.0,0.13,1691,5,🚬菸屁股,HOLD,1
U,2026-08-21,25.0,2.58,1894,5,🚬菸屁股,HOLD,1
HOOD,2026-05-15,145.0,0.63,1928,5,🚬菸屁股,HOLD,1
NVDA,2026-03-20,115.0,68.15,23885,4,🔥萬人塚,HOLD,1
SMCI,2026-03-20,55.0,0.04,10962,4,🚬菸屁股,HOLD,1
IREN,2026-03-20,30.0,12.7,20078,4,🔥萬人塚,HOLD,1
NBIS,2026-03-20,195.0,0.32,1889,4,🚬菸屁股,HOLD,1
U,2026-03-20,33.0,0.05,1879,4,🚬菸屁股,HOLD,1
PATH,2026-03-06,14.0,0.01,3180,4,🚬菸屁股,HOLD,1
ZM,2026-05-15,110.0,0.78,2155,4,🚬菸屁股,HOLD,1
OPEN,2026-05-15,15.0,0.07,7755,4,🚬菸屁股,HOLD,1
NTLA,2026-04-17,22.5,0.5,1291,4,🚬菸屁股,HOLD,1
HIMS,2026-03-20,38.0,0.1,1688,4,🚬菸屁股,HOLD,1
NNE,2026-03-20,26.0,3.5,2065,4,🚬菸屁股,HOLD,1
CRWV,2026-03-06,112.0,0.06,1813,4,🚬菸屁股,HOLD,1
SMCI,2026-03-20,43.0,0.14,1824,3,🚬菸屁股,HOLD,1
SMCI,2026-03-20,47.0,0.09,5453,3,🚬菸屁股,HOLD,1
SMCI,2026-05-15,90.0,0.06,6813,3,🚬菸屁股,HOLD,1
OKLO,2026-03-20,200.0,0.12,1777,3,🚬菸屁股,HOLD,1
VST,2026-03-20,215.0,0.6,3833,3,🚬菸屁股,HOLD,1
IREN,2026-03-20,20.0,21.95,25700,3,🔥萬人塚,HOLD,1
IREN,2026-03-20,95.0,0.08,5613,3,🚬菸屁股,HOLD,1
NBIS,2026-03-20,155.0,0.16,5526,3,🚬菸屁股,HOLD,1
U,2026-03-20,27.0,0.16,3703,3,🚬菸屁股,HOLD,1
U,2026-03-20,55.0,0.05,3261,3,🚬菸屁股,HOLD,1
HOOD,2026-04-17,140.0,0.16,3383,3,🚬菸屁股,HOLD,1
OPEN,2026-05-15,10.0,0.25,7800,3,🚬菸屁股,HOLD,1
TSLA,2027-01-15,5.0,399.3,31782,2,🔥萬人塚,HOLD,1
IONQ,2026-07-17,60.0,3.25,1556,2,🚬菸屁股,HOLD,1
UPST,2026-03-20,65.0,0.29,2576,2,🚬菸屁股,HOLD,1
SOFI,2026-04-17,44.0,0.04,2230,2,🚬菸屁股,HOLD,1
SOFI,2026-05-15,33.0,0.13,2982,2,🚬菸屁股,HOLD,1
DKNG,2026-03-20,47.5,0.01,6604,2,🚬菸屁股,HOLD,1
IREN,2026-07-17,80.0,2.83,5496,2,🚬菸屁股,HOLD,1
PATH,2026-05-15,28.0,0.09,8317,2,🚬菸屁股,HOLD,1
HOOD,2026-05-15,150.0,0.35,4549,2,🚬菸屁股,HOLD,1
TDOC,2026-07-17,13.0,0.29,2066,2,🚬菸屁股,HOLD,1
OPEN,2026-03-20,9.0,0.03,2004,2,🚬菸屁股,HOLD,1
PACB,2026-03-20,1.5,0.25,1616,2,🚬菸屁股,HOLD,1
HIMS,2026-08-21,35.0,1.44,2048,2,🚬菸屁股,HOLD,1
ONDS,2026-03-20,30.0,0.02,1815,2,🚬菸屁股,HOLD,1
JOBY,2026-04-17,18.0,0.09,10245,2,🚬菸屁股,HOLD,1
ACHR,2026-04-17,18.0,0.05,1916,2,🚬菸屁股,HOLD,1
SMR,2026-03-20,23.0,0.05,6841,2,🚬菸屁股,HOLD,1
SMR,2026-05-15,22.0,0.64,1588,2,🚬菸屁股,HOLD,1
TSLA,2026-04-17,940.0,0.06,12579,1,🚬菸屁股,HOLD,1
MSTR,2026-03-20,910.0,5.6,10136,1,🚬菸屁股,HOLD,1
COIN,2026-05-15,370.0,1.09,11370,1,🚬菸屁股,HOLD,1
OKLO,2026-03-20,220.0,0.03,2815,1,🚬菸屁股,HOLD,1
SOFI,2026-05-15,39.0,0.09,1735,1,🚬菸屁股,HOLD,1
IREN,2026-05-15,95.0,0.84,2148,1,🚬菸屁股,HOLD,1
U,2026-03-20,50.0,0.04,7483,1,🚬菸屁股,HOLD,1
U,2026-04-17,65.0,0.13,2834,1,🚬菸屁股,HOLD,1
PATH,2026-05-15,21.0,0.16,4323,1,🚬菸屁股,HOLD,1
PATH,2026-05-15,22.0,0.14,6356,1,🚬菸屁股,HOLD,1
PATH,2026-05-15,26.0,0.3,2288,1,🚬菸屁股,HOLD,1
ZM,2026-03-20,87.5,0.48,2872,1,🚬菸屁股,HOLD,1
XYZ,2026-03-20,135.0,0.02,1520,1,🚬菸屁股,HOLD,1
XYZ,2026-05-15,90.0,0.85,1691,1,🚬菸屁股,HOLD,1
OPEN,2026-05-15,11.0,0.37,3354,1,🚬菸屁股,HOLD,1
OPEN,2026-05-15,12.0,0.28,4416,1,🚬菸屁股,HOLD,1
OPEN,2026-05-15,14.0,0.2,1920,1,🚬菸屁股,HOLD,1
NTLA,2026-04-17,25.0,0.45,4681,1,🚬菸屁股,HOLD,1
HIMS,2026-03-20,31.0,0.06,3464,1,🚬菸屁股,HOLD,1
HIMS,2026-03-20,75.0,0.01,3427,1,🚬菸屁股,HOLD,1
TSLA,2026-03-20,930.0,0.02,17370,0,🚬菸屁股,HOLD,1
TSLA,2026-03-20,990.0,0.01,18800,0,🚬菸屁股,HOLD,1
NVDA,2026-03-20,400.0,0.01,10780,0,🚬菸屁股,HOLD,1
NVDA,2026-03-20,420.0,0.01,18521,0,🚬菸屁股,HOLD,1
AMD,2026-03-20,500.0,0.01,10103,0,🚬菸屁股,HOLD,1
MSTR,2026-03-20,700.0,0.01,10644,0,🚬菸屁股,HOLD,1
IBIT,2026-03-20,85.0,0.01,13435,0,🚬菸屁股,HOLD,1
COIN,2026-05-15,480.0,1.22,12256,0,🚬菸屁股,HOLD,1
PLTR,2026-03-20,370.0,0.01,15288,0,🚬菸屁股,HOLD,1
SHOP,2026-05-15,85.0,38.15,40042,0,🔥萬人塚,HOLD,1
SMCI,2026-03-20,48.0,0.13,2385,0,🚬菸屁股,HOLD,1
SMCI,2026-03-20,90.0,0.1,5878,0,🚬菸屁股,HOLD,1
SMCI,2026-03-20,100.0,0.03,3163,0,🚬菸屁股,HOLD,1
OKLO,2026-03-20,155.0,0.1,2964,0,🚬菸屁股,HOLD,1
OKLO,2026-03-20,165.0,0.2,2098,0,🚬菸屁股,HOLD,1
OKLO,2026-03-20,180.0,0.73,1515,0,🚬菸屁股,HOLD,1
RKLB,2026-03-20,125.0,0.3,1373,0,🚬菸屁股,HOLD,1
UPST,2026-03-20,75.0,0.08,2410,0,🚬菸屁股,HOLD,1
SOFI,2026-03-06,31.0,0.01,1763,0,🚬菸屁股,HOLD,1
SOFI,2026-03-20,38.0,0.04,2377,0,🚬菸屁股,HOLD,1
SOFI,2026-03-20,44.0,0.01,3660,0,🚬菸屁股,HOLD,1
SOFI,2026-03-20,47.0,0.01,1766,0,🚬菸屁股,HOLD,1
SOFI,2026-04-17,40.0,0.04,2353,0,🚬菸屁股,HOLD,1
DKNG,2026-03-20,45.0,0.01,8180,0,🚬菸屁股,HOLD,1
DKNG,2026-03-20,50.0,0.05,5431,0,🚬菸屁股,HOLD,1
DKNG,2026-03-20,52.5,0.01,1879,0,🚬菸屁股,HOLD,1
DKNG,2026-03-20,55.0,0.02,1696,0,🚬菸屁股,HOLD,1
DKNG,2026-03-20,60.0,0.03,2259,0,🚬菸屁股,HOLD,1
DKNG,2026-05-15,42.5,0.09,1931,0,🚬菸屁股,HOLD,1
DKNG,2026-05-15,52.5,0.13,2501,0,🚬菸屁股,HOLD,1
IREN,2026-03-20,18.0,24.25,23608,0,🔥萬人塚,HOLD,1
U,2026-03-20,29.0,0.13,9280,0,🚬菸屁股,HOLD,1
U,2026-03-20,45.0,0.05,2109,0,🚬菸屁股,HOLD,1
U,2026-03-20,46.0,0.08,1827,0,🚬菸屁股,HOLD,1
U,2026-03-20,48.0,0.07,1602,0,🚬菸屁股,HOLD,1
U,2026-03-20,60.0,0.06,2118,0,🚬菸屁股,HOLD,1
U,2026-03-20,65.0,0.02,7464,0,🚬菸屁股,HOLD,1
U,2026-04-17,45.0,0.13,3844,0,🚬菸屁股,HOLD,1
U,2026-04-17,50.0,0.07,2377,0,🚬菸屁股,HOLD,1
U,2026-04-17,55.0,0.28,1910,0,🚬菸屁股,HOLD,1
U,2026-05-15,32.0,0.5,4455,0,🚬菸屁股,HOLD,1
U,2026-05-15,50.0,0.19,4588,0,🚬菸屁股,HOLD,1
U,2026-05-15,60.0,0.15,2868,0,🚬菸屁股,HOLD,1
U,2026-08-21,55.0,0.39,5560,0,🚬菸屁股,HOLD,1
PATH,2026-05-15,24.0,0.13,2939,0,🚬菸屁股,HOLD,1
HOOD,2026-03-20,170.0,0.01,4359,0,🚬菸屁股,HOLD,1
HOOD,2026-03-20,175.0,0.01,3662,0,🚬菸屁股,HOLD,1
HOOD,2026-03-20,200.0,0.01,4095,0,🚬菸屁股,HOLD,1
HOOD,2026-03-20,210.0,0.05,5325,0,🚬菸屁股,HOLD,1
HOOD,2026-03-20,220.0,0.08,2288,0,🚬菸屁股,HOLD,1
HOOD,2026-03-20,280.0,0.36,9414,0,🚬菸屁股,HOLD,1
HOOD,2026-03-20,290.0,0.05,10364,0,🚬菸屁股,HOLD,1
HOOD,2026-04-17,170.0,0.33,1530,0,🚬菸屁股,HOLD,1
HOOD,2026-04-17,290.0,0.12,1816,0,🚬菸屁股,HOLD,1
HOOD,2026-05-15,160.0,0.37,1783,0,🚬菸屁股,HOLD,1
TDOC,2026-03-20,4.0,1.45,3559,0,🚬菸屁股,HOLD,1
TDOC,2026-04-17,11.0,0.04,1866,0,🚬菸屁股,HOLD,1
TDOC,2026-04-17,15.0,0.16,3276,0,🚬菸屁股,HOLD,1
ZM,2026-03-20,115.0,0.49,7210,0,🚬菸屁股,HOLD,1
ZM,2026-03-20,130.0,0.02,2412,0,🚬菸屁股,HOLD,1
XYZ,2026-03-20,125.0,0.02,7822,0,🚬菸屁股,HOLD,1
OPEN,2026-03-06,7.5,0.01,2385,0,🚬菸屁股,HOLD,1
OPEN,2026-03-06,10.0,0.01,2731,0,🚬菸屁股,HOLD,1
OPEN,2026-03-13,11.5,0.06,2158,0,🚬菸屁股,HOLD,1
OPEN,2026-03-20,12.0,0.02,1509,0,🚬菸屁股,HOLD,1
OPEN,2026-05-15,13.0,0.43,1719,0,🚬菸屁股,HOLD,1
OPEN,2026-05-15,13.0,0.33,1548,0,🚬菸屁股,HOLD,1
OPEN,2026-05-15,15.0,0.15,4389,0,🚬菸屁股,HOLD,1
OPEN,2026-05-15,17.0,0.0,15426,0,🚬菸屁股,HOLD,1
OPEN,2026-05-15,17.0,0.1,14632,0,🚬菸屁股,HOLD,1
CRSP,2026-04-17,77.5,1.45,2030,0,🚬菸屁股,HOLD,1
NTLA,2026-04-17,35.0,0.55,1874,0,🚬菸屁股,HOLD,1
PACB,2026-03-20,3.0,0.05,17616,0,🚬菸屁股,HOLD,1
HIMS,2026-03-20,39.0,0.06,1909,0,🚬菸屁股,HOLD,1
HIMS,2026-03-20,70.0,0.01,6448,0,🚬菸屁股,HOLD,1
HIMS,2026-03-20,80.0,0.01,9236,0,🚬菸屁股,HOLD,1
HIMS,2026-03-20,85.0,0.07,2710,0,🚬菸屁股,HOLD,1
HIMS,2026-03-20,105.0,0.02,1929,0,🚬菸屁股,HOLD,1
HIMS,2026-08-21,39.0,1.32,1758,0,🚬菸屁股,HOLD,1
KTOS,2026-03-20,175.0,0.05,1653,0,🚬菸屁股,HOLD,1
JOBY,2026-04-17,21.0,0.09,2988,0,🚬菸屁股,HOLD,1
JOBY,2026-04-17,26.0,0.08,3458,0,🚬菸屁股,HOLD,1
SMR,2026-03-20,60.0,0.05,2508,0,🚬菸屁股,HOLD,1
SMR,2026-03-20,65.0,0.71,3101,0,🚬菸屁股,HOLD,1
SMR,2026-03-20,85.0,0.55,2781,0,🚬菸屁股,HOLD,1
SMR,2026-05-15,30.0,0.3,3160,0,🚬菸屁股,HOLD,1
CRWV,2026-03-20,180.0,0.09,9594,0,🚬菸屁股,HOLD,1
CRWV,2026-03-20,200.0,0.12,7621,0,🚬菸屁股,HOLD,1
CRWV,2026-03-20,220.0,0.03,5839,0,🚬菸屁股,HOLD,1
CRWV,2026-03-20,250.0,0.02,1988,0,🚬菸屁股,HOLD,1
